AÑO;MES;SEDE;CENTRO_COSTO;META
2026;ENERO;CENTRO;L.N. CIRUGIA;277241.5254
2026;ENERO;CENTRO;L.N. CONSULTAS;39808.66083
2026;ENERO;CENTRO;L.N. EXAMENES;83118.64407
2026;ENERO;CENTRO;L.N. FARMACIA;44003.42881
2026;ENERO;CENTRO;L.N. LABORATORIO;14107.52373
2026;ENERO;CENTRO;L.N. OPTICA;21457.62712
2026;ENERO;CENTRO;L.N. PROCEDIMIENTOS;35593.22034
2026;ENERO;NORTE;L.N. CIRUGIA;118271.1864
2026;ENERO;NORTE;L.N. CONSULTAS;18093.22034
2026;ENERO;NORTE;L.N. EXAMENES;31379.66102
2026;ENERO;NORTE;L.N. FARMACIA;15649.72881
2026;ENERO;NORTE;L.N. LABORATORIO;6751.953862
2026;ENERO;NORTE;L.N. OPTICA;12669.49153
2026;ENERO;NORTE;L.N. PROCEDIMIENTOS;7449.152542
2026;FEBRERO;CENTRO;L.N. CIRUGIA;280461.8644
2026;FEBRERO;CENTRO;L.N. CONSULTAS;43100.70451
2026;FEBRERO;CENTRO;L.N. EXAMENES;86554.28571
2026;FEBRERO;CENTRO;L.N. FARMACIA;44050.92034
2026;FEBRERO;CENTRO;L.N. LABORATORIO;14107.52373
2026;FEBRERO;CENTRO;L.N. OPTICA;21457.62712
2026;FEBRERO;CENTRO;L.N. PROCEDIMIENTOS;35593.22034
2026;FEBRERO;NORTE;L.N. CIRUGIA;130542.3729
2026;FEBRERO;NORTE;L.N. CONSULTAS;20420.10319
2026;FEBRERO;NORTE;L.N. EXAMENES;33951.94915
2026;FEBRERO;NORTE;L.N. FARMACIA;16400.82897
2026;FEBRERO;NORTE;L.N. LABORATORIO;7252.098592
2026;FEBRERO;NORTE;L.N. OPTICA;12677.9661
2026;FEBRERO;NORTE;L.N. PROCEDIMIENTOS;7621.155053
2026;MARZO;CENTRO;L.N. CIRUGIA;284953.3898
2026;MARZO;CENTRO;L.N. CONSULTAS;45603.43977
2026;MARZO;CENTRO;L.N. EXAMENES;93767.14286
2026;MARZO;CENTRO;L.N. FARMACIA;45971.8246
2026;MARZO;CENTRO;L.N. LABORATORIO;14992.89647
2026;MARZO;CENTRO;L.N. OPTICA;22262.71186
2026;MARZO;CENTRO;L.N. PROCEDIMIENTOS;39338.98305
2026;MARZO;NORTE;L.N. CIRUGIA;127423.7288
2026;MARZO;NORTE;L.N. CONSULTAS;21855.67626
2026;MARZO;NORTE;L.N. EXAMENES;37340.78814
2026;MARZO;NORTE;L.N. FARMACIA;18858.80925
2026;MARZO;NORTE;L.N. LABORATORIO;7764.746941
2026;MARZO;NORTE;L.N. OPTICA;16974.57627
2026;MARZO;NORTE;L.N. PROCEDIMIENTOS;9042.09737
2026;ABRIL;CENTRO;L.N. CIRUGIA;292919.4915
2026;ABRIL;CENTRO;L.N. CONSULTAS;46654.99296
2026;ABRIL;CENTRO;L.N. EXAMENES;86554.28571
2026;ABRIL;CENTRO;L.N. FARMACIA;44153.39449
2026;ABRIL;CENTRO;L.N. LABORATORIO;14107.52373
2026;ABRIL;CENTRO;L.N. OPTICA;22864.40678
2026;ABRIL;CENTRO;L.N. PROCEDIMIENTOS;38491.52542
2026;ABRIL;NORTE;L.N. CIRUGIA;127261.572
2026;ABRIL;NORTE;L.N. CONSULTAS;24815.0793
2026;ABRIL;NORTE;L.N. EXAMENES;41074.86695
2026;ABRIL;NORTE;L.N. FARMACIA;18488.42154
2026;ABRIL;NORTE;L.N. LABORATORIO;6617.319699
2026;ABRIL;NORTE;L.N. OPTICA;14457.62712
2026;ABRIL;NORTE;L.N. PROCEDIMIENTOS;8996.358954
2026;MAYO;CENTRO;L.N. CIRUGIA;297665.2542
2026;MAYO;CENTRO;L.N. CONSULTAS;48568.99763
2026;MAYO;CENTRO;L.N. EXAMENES;94258.92857
2026;MAYO;CENTRO;L.N. FARMACIA;46205.20409
2026;MAYO;CENTRO;L.N. LABORATORIO;15053.26279
2026;MAYO;CENTRO;L.N. OPTICA;23669.49153
2026;MAYO;CENTRO;L.N. PROCEDIMIENTOS;40779.66102
2026;MAYO;NORTE;L.N. CIRUGIA;150652.5424
2026;MAYO;NORTE;L.N. CONSULTAS;29068.36647
2026;MAYO;NORTE;L.N. EXAMENES;44517.87907
2026;MAYO;NORTE;L.N. FARMACIA;20562.89056
2026;MAYO;NORTE;L.N. LABORATORIO;7509.77986
2026;MAYO;NORTE;L.N. OPTICA;15288.13559
2026;MAYO;NORTE;L.N. PROCEDIMIENTOS;9809.847351
2026;MAYO;LINCE;L.N. CIRUGIA;2373
2026;MAYO;LINCE;L.N. CONSULTAS;1483
2026;MAYO;LINCE;L.N. EXAMENES;6229
2026;MAYO;LINCE;L.N. FARMACIA;2939
2026;MAYO;LINCE;L.N. LABORATORIO;902
2026;MAYO;LINCE;L.N. OPTICA;6881
2026;MAYO;LINCE;L.N. PROCEDIMIENTOS;4315
2026;JUNIO;CENTRO;L.N. CIRUGIA;334049.63
2026;JUNIO;CENTRO;L.N. CONSULTAS;48569
2026;JUNIO;CENTRO;L.N. EXAMENES;94259
2026;JUNIO;CENTRO;L.N. FARMACIA;46205.25
2026;JUNIO;CENTRO;L.N. LABORATORIO;15053.25
2026;JUNIO;CENTRO;L.N. OPTICA;23669.5
2026;JUNIO;CENTRO;L.N. PROCEDIMIENTOS;40778.37
2026;JUNIO;NORTE;L.N. CIRUGIA;87975
2026;JUNIO;NORTE;L.N. CONSULTAS;22798
2026;JUNIO;NORTE;L.N. EXAMENES;29107
2026;JUNIO;NORTE;L.N. FARMACIA;24537
2026;JUNIO;NORTE;L.N. LABORATORIO;7643
2026;JUNIO;NORTE;L.N. OPTICA;19576
2026;JUNIO;NORTE;L.N. PROCEDIMIENTOS;13547
2026;JUNIO;LINCE;L.N. CIRUGIA;26194.91525
2026;JUNIO;LINCE;L.N. CONSULTAS;18887.71186
2026;JUNIO;LINCE;L.N. EXAMENES;7091.828347
2026;JUNIO;LINCE;L.N. FARMACIA;10112.66923
2026;JUNIO;LINCE;L.N. LABORATORIO;2628.965553
2026;JUNIO;LINCE;L.N. OPTICA;19720.33898
2026;JUNIO;LINCE;L.N. PROCEDIMIENTOS;7043.186176
2026;JULIO;CENTRO;L.N. CIRUGIA;341902.54
2026;JULIO;CENTRO;L.N. CONSULTAS;51545
2026;JULIO;CENTRO;L.N. EXAMENES;92197.67
2026;JULIO;CENTRO;L.N. FARMACIA;45976.78
2026;JULIO;CENTRO;L.N. LABORATORIO;14683.67
2026;JULIO;CENTRO;L.N. OPTICA;20101.69
2026;JULIO;CENTRO;L.N. PROCEDIMIENTOS;41627.12
2026;JULIO;NORTE;L.N. CIRUGIA;91542.37288
2026;JULIO;NORTE;L.N. CONSULTAS;24297.69492
2026;JULIO;NORTE;L.N. EXAMENES;28633.2824
2026;JULIO;NORTE;L.N. FARMACIA;23817.56994
2026;JULIO;NORTE;L.N. LABORATORIO;7256.36681
2026;JULIO;NORTE;L.N. OPTICA;18652.54237
2026;JULIO;NORTE;L.N. PROCEDIMIENTOS;13592.37613
2026;JULIO;LINCE;L.N. CIRUGIA;26788.14
2026;JULIO;LINCE;L.N. CONSULTAS;19660
2026;JULIO;LINCE;L.N. EXAMENES;7393.278279
2026;JULIO;LINCE;L.N. FARMACIA;19660
2026;JULIO;LINCE;L.N. LABORATORIO;2355.238095
2026;JULIO;LINCE;L.N. OPTICA;19627.11864
2026;JULIO;LINCE;L.N. PROCEDIMIENTOS;7806.234316
2026;AGOSTO;CENTRO;L.N. CIRUGIA;350123
2026;AGOSTO;CENTRO;L.N. CONSULTAS;53197
2026;AGOSTO;CENTRO;L.N. EXAMENES;94622
2026;AGOSTO;CENTRO;L.N. FARMACIA;47011
2026;AGOSTO;CENTRO;L.N. LABORATORIO;15053
2026;AGOSTO;CENTRO;L.N. OPTICA;20101.69
2026;AGOSTO;CENTRO;L.N. PROCEDIMIENTOS;43322
2026;AGOSTO;NORTE;L.N. CIRUGIA;79602
2026;AGOSTO;NORTE;L.N. CONSULTAS;25719.94492
2026;AGOSTO;NORTE;L.N. EXAMENES;28563.2824
2026;AGOSTO;NORTE;L.N. FARMACIA;27151
2026;AGOSTO;NORTE;L.N. LABORATORIO;7679
2026;AGOSTO;NORTE;L.N. OPTICA;22144
2026;AGOSTO;NORTE;L.N. PROCEDIMIENTOS;13755
2026;AGOSTO;LINCE;L.N. CIRUGIA;24415
2026;AGOSTO;LINCE;L.N. CONSULTAS;36881
2026;AGOSTO;LINCE;L.N. EXAMENES;7545
2026;AGOSTO;LINCE;L.N. FARMACIA;10272
2026;AGOSTO;LINCE;L.N. LABORATORIO;2469
2026;AGOSTO;LINCE;L.N. OPTICA;20898
2026;AGOSTO;LINCE;L.N. PROCEDIMIENTOS;4206.900021
