Año;Mes;Mes Corto;Mes Numero;Codigo IPRESS;Clinica Descripcion;Region;Provincia;Distrito;Competencia;Cant Atenciones Medicas;Cirugia Mayor Efectiva;Cirugia Menor Efectiva
2026;ENERO;ENE;1;12429;Clinica Oftalmologica Wong;LIMA;LIMA;LOS OLIVOS;LIMA NORTE;825;;
2026;ENERO;ENE;1;28155;Consultorio Medico Oftalmologico Vista;LIMA;LIMA;COMAS;LIMA NORTE;;;
2026;ENERO;ENE;1;34209;Clinica Oftalmologica Ñahui Salud - Comas;LIMA;LIMA;COMAS;LIMA NORTE;2243;0;77
2026;ENERO;ENE;1;25804;Opero;LIMA;LIMA;CERCADO;LIMA CENTRO;65;6;32
2026;ENERO;ENE;1;22016;Clinica la Luz Oftalmologica;LIMA;LIMA;CERCADO;LIMA CENTRO;2486;18;13
2026;ENERO;ENE;1;20976;Visual Center Clinica de Ojos;LIMA;LIMA;SAN MIGUEL;LIMA CENTRO;1997;58;112
2026;ENERO;ENE;1;11741;Clinica Nortvision;LIMA;LIMA;PUEBLO LIBRE;LIMA CENTRO;469;64;12
2026;ENERO;ENE;1;10669;Clinica Peruana para la Vision;LIMA;LIMA;JESUS MARIA;LIMA CENTRO;459;5;1
2026;ENERO;ENE;1;17703;OPRECE;LIMA;LIMA;MAGDALENA;LIMA CENTRO;;;
2026;ENERO;ENE;1;29299;Mas Vision;LIMA;LIMA;LINCE;LIMA CENTRO;252;2;168
2026;ENERO;ENE;1;11358;Confia Instituto Oftalmologico;LIMA;LIMA;SAN ISIDRO;LIMA CENTRO;492;30;46
2026;ENERO;ENE;1;9933;Clinica Oftalmologica Macula D&T ;LIMA;LIMA;SAN ISIDRO;LIMA CENTRO;2087;0;75
2026;ENERO;ENE;1;15182;Clinica Optima Vision;LIMA;LIMA;MIRAFLORES;LIMA CENTRO;718;0;21
2026;ENERO;ENE;1;13900;OftalmoSalud - Surco;LIMA;LIMA;SURCO;LIMA CENTRO;612;0;18
2026;ENERO;ENE;1;23741;Clinica Oftalmo Vissum;LIMA;LIMA;SURCO;LIMA CENTRO;379;0;39
2026;ENERO;ENE;1;15461;Vista Salud Centro Oftalmologico;LIMA;LIMA;SURCO;LIMA CENTRO;402;0;12
2026;ENERO;ENE;1;17676;OftalmoSalud - SJM;LIMA;LIMA;SAN JUAN DE MIRAFLORES;LIMA CENTRO;4086;0;160
2026;ENERO;ENE;1;11167;Oftalmomedic;LIMA;LIMA;CERCADO;LIMA CENTRO;786;42;13
2026;ENERO;ENE;1;12020;Clinica Oftalmologica Ñahui Salud - Surquillo;LIMA;LIMA;SURQUILLO;LIMA CENTRO;11960;0;341
2026;ENERO;ENE;1;9483;Oculaser SAC;LIMA;LIMA;LIMA;LIMA CENTRO;1020;0;223
2026;ENERO;ENE;1;15927;Clinica de Ojos D'opeluse;LIMA;LIMA;LINCE;LIMA CENTRO;6154;99;45
2026;ENERO;ENE;1;23852;Oftalmosalud - Los Olivos;LIMA;LIMA;LOS OLIVOS;LIMA NORTE;2987;0;82
2026;ENERO;ENE;1;10739;Clinica Oftalmologica Wong;LIMA;LIMA;SAN ISIDRO;LIMA CENTRO;2570;0;272
2026;ENERO;ENE;1;17099;Oftalmologos Contreras C.SCRL;LIMA;LIMA;SAN ISIDRO;LIMA CENTRO;280;25;3
2026;ENERO;ENE;1;30606;Visana Clinica Especializada Oftalmologica;LIMA;LIMA;COMAS;LIMA NORTE;1385;87;1
2026;ENERO;ENE;1;9505;Oftalmosalud - San Isidro;LIMA;LIMA;SAN ISIDRO;LIMA CENTRO;8285;629;290
2026;ENERO;ENE;1;18626;Oftalmica;LIMA;LIMA;SAN BORJA;LIMA CENTRO;3007;212;61
2026;ENERO;ENE;1;11372;Futuro Vision ;LIMA;LIMA;SAN BORJA;LIMA CENTRO;1554;0;299
2026;ENERO;ENE;1;15716;Clinica Vista;LIMA;LIMA;JESUS MARIA;LIMA CENTRO;;;
2026;ENERO;ENE;1;20230;Clinica de ojos Global Laser;LIMA;LIMA;PUEBLO LIBRE;LIMA CENTRO;1560;0;148
2026;ENERO;ENE;1;;Clinica OftalmoMédic - Lima Norte;LIMA;LIMA;LOS OLIVOS;LIMA NORTE;628;0;27
2026;FEBREBRO;FEB;2;12429;Clinica Oftalmologica Wong;LIMA;LIMA;LOS OLIVOS;LIMA NORTE;682;;
2026;FEBREBRO;FEB;2;28155;Consultorio Medico Oftalmologico Vista;LIMA;LIMA;COMAS;LIMA NORTE;;;
2026;FEBREBRO;FEB;2;34209;Clinica Oftalmologica Ñahui Salud - Comas;LIMA;LIMA;COMAS;LIMA NORTE;2114;0;57
2026;FEBREBRO;FEB;2;25804;Opero;LIMA;LIMA;CERCADO;LIMA CENTRO;35;8;25
2026;FEBREBRO;FEB;2;22016;Clinica la Luz Oftalmologica;LIMA;LIMA;CERCADO;LIMA CENTRO;2463;18;13
2026;FEBREBRO;FEB;2;20976;Visual Center Clinica de Ojos;LIMA;LIMA;SAN MIGUEL;LIMA CENTRO;1893;62;103
2026;FEBREBRO;FEB;2;11741;Clinica Nortvision;LIMA;LIMA;PUEBLO LIBRE;LIMA CENTRO;498;40;13
2026;FEBREBRO;FEB;2;10669;Clinica Peruana para la Vision;LIMA;LIMA;JESUS MARIA;LIMA CENTRO;440;14;1
2026;FEBREBRO;FEB;2;17703;OPRECE;LIMA;LIMA;MAGDALENA;LIMA CENTRO;;;
2026;FEBREBRO;FEB;2;29299;Mas Vision;LIMA;LIMA;LINCE;LIMA CENTRO;185;2;177
2026;FEBREBRO;FEB;2;11358;Confia Instituto Oftalmologico;LIMA;LIMA;SAN ISIDRO;LIMA CENTRO;483;24;38
2026;FEBREBRO;FEB;2;9933;Clinica Oftalmologica Macula D&T ;LIMA;LIMA;SAN ISIDRO;LIMA CENTRO;1949;0;101
2026;FEBREBRO;FEB;2;15182;Clinica Optima Vision;LIMA;LIMA;MIRAFLORES;LIMA CENTRO;723;0;17
2026;FEBREBRO;FEB;2;13900;OftalmoSalud - Surco;LIMA;LIMA;SURCO;LIMA CENTRO;609;0;8
2026;FEBREBRO;FEB;2;23741;Clinica Oftalmo Vissum;LIMA;LIMA;SURCO;LIMA CENTRO;357;0;37
2026;FEBREBRO;FEB;2;15461;Vista Salud Centro Oftalmologico;LIMA;LIMA;SURCO;LIMA CENTRO;663;0;30
2026;FEBREBRO;FEB;2;17676;OftalmoSalud - SJM;LIMA;LIMA;SAN JUAN DE MIRAFLORES;LIMA CENTRO;3532;0;135
2026;FEBREBRO;FEB;2;11167;Oftalmomedic;LIMA;LIMA;CERCADO;LIMA CENTRO;742;54;16
2026;FEBREBRO;FEB;2;12020;Clinica Oftalmologica Ñahui Salud - Surquillo;LIMA;LIMA;SURQUILLO;LIMA CENTRO;10996;0;356
2026;FEBREBRO;FEB;2;9483;Oculaser SAC;LIMA;LIMA;LIMA;LIMA CENTRO;947;;
2026;FEBREBRO;FEB;2;15927;Clinica de Ojos D'opeluse;LIMA;LIMA;LINCE;LIMA CENTRO;6076;98;28
2026;FEBREBRO;FEB;2;23852;Oftalmosalud - Los Olivos;LIMA;LIMA;LOS OLIVOS;LIMA NORTE;2704;0;54
2026;FEBREBRO;FEB;2;10739;Clinica Oftalmologica Wong;LIMA;LIMA;SAN ISIDRO;LIMA CENTRO;2528;0;283
2026;FEBREBRO;FEB;2;17099;Oftalmologos Contreras C.SCRL;LIMA;LIMA;SAN ISIDRO;LIMA CENTRO;339;20;5
2026;FEBREBRO;FEB;2;30606;Visana Clinica Especializada Oftalmologica;LIMA;LIMA;COMAS;LIMA NORTE;1338;82;1
2026;FEBREBRO;FEB;2;9505;Oftalmosalud - San Isidro;LIMA;LIMA;SAN ISIDRO;LIMA CENTRO;7714;533;271
2026;FEBREBRO;FEB;2;18626;Oftalmica;LIMA;LIMA;SAN BORJA;LIMA CENTRO;2908;196;43
2026;FEBREBRO;FEB;2;11372;Futuro Vision ;LIMA;LIMA;SAN BORJA;LIMA CENTRO;1063;0;73
2026;FEBREBRO;FEB;2;15716;Clinica Vista;LIMA;LIMA;JESUS MARIA;LIMA CENTRO;703;;
2026;FEBREBRO;FEB;2;20230;Clinica de ojos Global Laser;LIMA;LIMA;PUEBLO LIBRE;LIMA CENTRO;1576;0;148
2026;FEBREBRO;FEB;2;;Clinica OftalmoMédic - Lima Norte;LIMA;LIMA;LOS OLIVOS;LIMA NORTE;708;;20
2026;MARZO;MAR;3;12429;Clinica Oftalmologica Wong;LIMA;LIMA;LOS OLIVOS;LIMA NORTE;811;;
2026;MARZO;MAR;3;28155;Consultorio Medico Oftalmologico Vista;LIMA;LIMA;COMAS;LIMA NORTE;;;
2026;MARZO;MAR;3;34209;Clinica Oftalmologica Ñahui Salud - Comas;LIMA;LIMA;COMAS;LIMA NORTE;1923;0;64
2026;MARZO;MAR;3;25804;Opero;LIMA;LIMA;CERCADO;LIMA CENTRO;46;3;20
2026;MARZO;MAR;3;22016;Clinica la Luz Oftalmologica;LIMA;LIMA;CERCADO;LIMA CENTRO;2081;18;13
2026;MARZO;MAR;3;20976;Visual Center Clinica de Ojos;LIMA;LIMA;SAN MIGUEL;LIMA CENTRO;1940;72;103
2026;MARZO;MAR;3;11741;Clinica Nortvision;LIMA;LIMA;PUEBLO LIBRE;LIMA CENTRO;411;36;25
2026;MARZO;MAR;3;10669;Clinica Peruana para la Vision;LIMA;LIMA;JESUS MARIA;LIMA CENTRO;;;
2026;MARZO;MAR;3;17703;OPRECE;LIMA;LIMA;MAGDALENA;LIMA CENTRO;;;
2026;MARZO;MAR;3;29299;Mas Vision;LIMA;LIMA;LINCE;LIMA CENTRO;224;5;205
2026;MARZO;MAR;3;11358;Confia Instituto Oftalmologico;LIMA;LIMA;SAN ISIDRO;LIMA CENTRO;526;26;39
2026;MARZO;MAR;3;9933;Clinica Oftalmologica Macula D&T ;LIMA;LIMA;SAN ISIDRO;LIMA CENTRO;2186;0;111
2026;MARZO;MAR;3;15182;Clinica Optima Vision;LIMA;LIMA;MIRAFLORES;LIMA CENTRO;760;0;18
2026;MARZO;MAR;3;13900;OftalmoSalud - Surco;LIMA;LIMA;SURCO;LIMA CENTRO;583;0;9
2026;MARZO;MAR;3;23741;Clinica Oftalmo Vissum;LIMA;LIMA;SURCO;LIMA CENTRO;359;0;51
2026;MARZO;MAR;3;15461;Vista Salud Centro Oftalmologico;LIMA;LIMA;SURCO;LIMA CENTRO;566;0;71
2026;MARZO;MAR;3;17676;OftalmoSalud - SJM;LIMA;LIMA;SAN JUAN DE MIRAFLORES;LIMA CENTRO;3769;0;71
2026;MARZO;MAR;3;11167;Oftalmomedic;LIMA;LIMA;CERCADO;LIMA CENTRO;785;58;27
2026;MARZO;MAR;3;12020;Clinica Oftalmologica Ñahui Salud - Surquillo;LIMA;LIMA;SURQUILLO;LIMA CENTRO;10958;0;327
2026;MARZO;MAR;3;9483;Oculaser SAC;LIMA;LIMA;LIMA;LIMA CENTRO;774;0;178
2026;MARZO;MAR;3;15927;Clinica de Ojos D'opeluse;LIMA;LIMA;LINCE;LIMA CENTRO;6247;104;47
2026;MARZO;MAR;3;23852;Oftalmosalud - Los Olivos;LIMA;LIMA;LOS OLIVOS;LIMA NORTE;3158;0;34
2026;MARZO;MAR;3;10739;Clinica Oftalmologica Wong;LIMA;LIMA;SAN ISIDRO;LIMA CENTRO;2410;121;231
2026;MARZO;MAR;3;17099;Oftalmologos Contreras C.SCRL;LIMA;LIMA;SAN ISIDRO;LIMA CENTRO;280;17;5
2026;MARZO;MAR;3;30606;Visana Clinica Especializada Oftalmologica;LIMA;LIMA;COMAS;LIMA NORTE;1250;75;0
2026;MARZO;MAR;3;9505;Oftalmosalud - San Isidro;LIMA;LIMA;SAN ISIDRO;LIMA CENTRO;8186;880;195
2026;MARZO;MAR;3;18626;Oftalmica;LIMA;LIMA;SAN BORJA;LIMA CENTRO;3090;217;32
2026;MARZO;MAR;3;11372;Futuro Vision ;LIMA;LIMA;SAN BORJA;LIMA CENTRO;1127;0;104
2026;MARZO;MAR;3;15716;Clinica Vista;LIMA;LIMA;JESUS MARIA;LIMA CENTRO;730;;
2026;MARZO;MAR;3;20230;Clinica de ojos Global Laser;LIMA;LIMA;PUEBLO LIBRE;LIMA CENTRO;1538;0;126
2026;MARZO;MAR;3;;Clinica OftalmoMédic - Lima Norte;LIMA;LIMA;LOS OLIVOS;LIMA NORTE;804;0;22
2026;ABRIL;ABR;4;12429;Clinica Oftalmologica Wong;LIMA;LIMA;LOS OLIVOS;LIMA NORTE;;;
2026;ABRIL;ABR;4;28155;Consultorio Medico Oftalmologico Vista;LIMA;LIMA;COMAS;LIMA NORTE;;;
2026;ABRIL;ABR;4;34209;Clinica Oftalmologica Ñahui Salud - Comas;LIMA;LIMA;COMAS;LIMA NORTE;;;
2026;ABRIL;ABR;4;25804;Opero;LIMA;LIMA;CERCADO;LIMA CENTRO;;;
2026;ABRIL;ABR;4;22016;Clinica la Luz Oftalmologica;LIMA;LIMA;CERCADO;LIMA CENTRO;1878;18;13
2026;ABRIL;ABR;4;20976;Visual Center Clinica de Ojos;LIMA;LIMA;SAN MIGUEL;LIMA CENTRO;1506;37;91
2026;ABRIL;ABR;4;11741;Clinica Nortvision;LIMA;LIMA;PUEBLO LIBRE;LIMA CENTRO;401;51;16
2026;ABRIL;ABR;4;10669;Clinica Peruana para la Vision;LIMA;LIMA;JESUS MARIA;LIMA CENTRO;;;
2026;ABRIL;ABR;4;17703;OPRECE;LIMA;LIMA;MAGDALENA;LIMA CENTRO;;;
2026;ABRIL;ABR;4;29299;Mas Vision;LIMA;LIMA;LINCE;LIMA CENTRO;207;2;177
2026;ABRIL;ABR;4;11358;Confia Instituto Oftalmologico;LIMA;LIMA;SAN ISIDRO;LIMA CENTRO;404;;
2026;ABRIL;ABR;4;9933;Clinica Oftalmologica Macula D&T ;LIMA;LIMA;SAN ISIDRO;LIMA CENTRO;1789;0;61
2026;ABRIL;ABR;4;15182;Clinica Optima Vision;LIMA;LIMA;MIRAFLORES;LIMA CENTRO;;;
2026;ABRIL;ABR;4;13900;OftalmoSalud - Surco;LIMA;LIMA;SURCO;LIMA CENTRO;;;
2026;ABRIL;ABR;4;23741;Clinica Oftalmo Vissum;LIMA;LIMA;SURCO;LIMA CENTRO;309;0;19
2026;ABRIL;ABR;4;15461;Vista Salud Centro Oftalmologico;LIMA;LIMA;SURCO;LIMA CENTRO;538;0;16
2026;ABRIL;ABR;4;17676;OftalmoSalud - SJM;LIMA;LIMA;SAN JUAN DE MIRAFLORES;LIMA CENTRO;;;
2026;ABRIL;ABR;4;11167;Oftalmomedic;LIMA;LIMA;CERCADO;LIMA CENTRO;641;66;24
2026;ABRIL;ABR;4;12020;Clinica Oftalmologica Ñahui Salud - Surquillo;LIMA;LIMA;SURQUILLO;LIMA CENTRO;;;
2026;ABRIL;ABR;4;9483;Oculaser SAC;LIMA;LIMA;LIMA;LIMA CENTRO;725;0;131
2026;ABRIL;ABR;4;15927;Clinica de Ojos D'opeluse;LIMA;LIMA;LINCE;LIMA CENTRO;5461;78;29
2026;ABRIL;ABR;4;23852;Oftalmosalud - Los Olivos;LIMA;LIMA;LOS OLIVOS;LIMA NORTE;;;
2026;ABRIL;ABR;4;10739;Clinica Oftalmologica Wong;LIMA;LIMA;SAN ISIDRO;LIMA CENTRO;;;
2026;ABRIL;ABR;4;17099;Oftalmologos Contreras C.SCRL;LIMA;LIMA;SAN ISIDRO;LIMA CENTRO;;;
2026;ABRIL;ABR;4;30606;Visana Clinica Especializada Oftalmologica;LIMA;LIMA;COMAS;LIMA NORTE;1014;51;1
2026;ABRIL;ABR;4;9505;Oftalmosalud - San Isidro;LIMA;LIMA;SAN ISIDRO;LIMA CENTRO;;;
2026;ABRIL;ABR;4;18626;Oftalmica;LIMA;LIMA;SAN BORJA;LIMA CENTRO;2706;197;16
2026;ABRIL;ABR;4;11372;Futuro Vision ;LIMA;LIMA;SAN BORJA;LIMA CENTRO;985;0;65
2026;ABRIL;ABR;4;15716;Clinica Vista;LIMA;LIMA;JESUS MARIA;LIMA CENTRO;;;
2026;ABRIL;ABR;4;20230;Clinica de ojos Global Laser;LIMA;LIMA;PUEBLO LIBRE;LIMA CENTRO;;;
2026;ABRIL;ABR;4;;Clinica OftalmoMédic - Lima Norte;LIMA;LIMA;LOS OLIVOS;LIMA NORTE;586;0;17
2026;MAYO;MAY;5;12429;Clinica Oftalmologica Wong;LIMA;LIMA;LOS OLIVOS;LIMA NORTE;745;;
2026;MAYO;MAY;5;28155;Consultorio Medico Oftalmologico Vista;LIMA;LIMA;COMAS;LIMA NORTE;;;
2026;MAYO;MAY;5;34209;Clinica Oftalmologica Ñahui Salud - Comas;LIMA;LIMA;COMAS;LIMA NORTE;1682;0;49
2026;MAYO;MAY;5;25804;Opero;LIMA;LIMA;CERCADO;LIMA CENTRO;41;2;27
2026;MAYO;MAY;5;22016;Clinica la Luz Oftalmologica;LIMA;LIMA;CERCADO;LIMA CENTRO;1990;17;13
2026;MAYO;MAY;5;20976;Visual Center Clinica de Ojos;LIMA;LIMA;SAN MIGUEL;LIMA CENTRO;1655;44;97
2026;MAYO;MAY;5;11741;Clinica Nortvision;LIMA;LIMA;PUEBLO LIBRE;LIMA CENTRO;367;42;17
2026;MAYO;MAY;5;10669;Clinica Peruana para la Vision;LIMA;LIMA;JESUS MARIA;LIMA CENTRO;;;
2026;MAYO;MAY;5;17703;OPRECE;LIMA;LIMA;MAGDALENA;LIMA CENTRO;;;
2026;MAYO;MAY;5;29299;Mas Vision;LIMA;LIMA;LINCE;LIMA CENTRO;245;4;169
2026;MAYO;MAY;5;11358;Confia Instituto Oftalmologico;LIMA;LIMA;SAN ISIDRO;LIMA CENTRO;423;22;42
2026;MAYO;MAY;5;9933;Clinica Oftalmologica Macula D&T ;LIMA;LIMA;SAN ISIDRO;LIMA CENTRO;1774;0;102
2026;MAYO;MAY;5;15182;Clinica Optima Vision;LIMA;LIMA;MIRAFLORES;LIMA CENTRO;613;0;10
2026;MAYO;MAY;5;13900;OftalmoSalud - Surco;LIMA;LIMA;SURCO;LIMA CENTRO;508;0;4
2026;MAYO;MAY;5;23741;Clinica Oftalmo Vissum;LIMA;LIMA;SURCO;LIMA CENTRO;337;0;35
2026;MAYO;MAY;5;15461;Vista Salud Centro Oftalmologico;LIMA;LIMA;SURCO;LIMA CENTRO;595;0;18
2026;MAYO;MAY;5;17676;OftalmoSalud - SJM;LIMA;LIMA;SAN JUAN DE MIRAFLORES;LIMA CENTRO;2956;0;52
2026;MAYO;MAY;5;11167;Oftalmomedic;LIMA;LIMA;CERCADO;LIMA CENTRO;688;64;21
2026;MAYO;MAY;5;12020;Clinica Oftalmologica Ñahui Salud - Surquillo;LIMA;LIMA;SURQUILLO;LIMA CENTRO;9169;0;268
2026;MAYO;MAY;5;9483;Oculaser SAC;LIMA;LIMA;LIMA;LIMA CENTRO;696;0;138
2026;MAYO;MAY;5;15927;Clinica de Ojos D'opeluse;LIMA;LIMA;LINCE;LIMA CENTRO;6099;84;25
2026;MAYO;MAY;5;23852;Oftalmosalud - Los Olivos;LIMA;LIMA;LOS OLIVOS;LIMA NORTE;2787;0;37
2026;MAYO;MAY;5;10739;Clinica Oftalmologica Wong;LIMA;LIMA;SAN ISIDRO;LIMA CENTRO;2244;81;197
2026;MAYO;MAY;5;17099;Oftalmologos Contreras C.SCRL;LIMA;LIMA;SAN ISIDRO;LIMA CENTRO;218;26;2
2026;MAYO;MAY;5;30606;Visana Clinica Especializada Oftalmologica;LIMA;LIMA;COMAS;LIMA NORTE;1170;22;1
2026;MAYO;MAY;5;9505;Oftalmosalud - San Isidro;LIMA;LIMA;SAN ISIDRO;LIMA CENTRO;7074;404;110
2026;MAYO;MAY;5;18626;Oftalmica;LIMA;LIMA;SAN BORJA;LIMA CENTRO;2602;176;46
2026;MAYO;MAY;5;11372;Futuro Vision ;LIMA;LIMA;SAN BORJA;LIMA CENTRO;1312;0;72
2026;MAYO;MAY;5;15716;Clinica Vista;LIMA;LIMA;JESUS MARIA;LIMA CENTRO;607;;
2026;MAYO;MAY;5;20230;Clinica de ojos Global Laser;LIMA;LIMA;PUEBLO LIBRE;LIMA CENTRO;1161;0;138
2026;MAYO;MAY;5;;Clinica OftalmoMédic - Lima Norte;LIMA;LIMA;LOS OLIVOS;LIMA NORTE;573;0;
2026;JUNIO;JUN;6;12429;Clinica Oftalmologica Wong;LIMA;LIMA;LOS OLIVOS;LIMA NORTE;557;;
2026;JUNIO;JUN;6;28155;Consultorio Medico Oftalmologico Vista;LIMA;LIMA;COMAS;LIMA NORTE;;;
2026;JUNIO;JUN;6;34209;Clinica Oftalmologica Ñahui Salud - Comas;LIMA;LIMA;COMAS;LIMA NORTE;1751;0;58
2026;JUNIO;JUN;6;25804;Opero;LIMA;LIMA;CERCADO;LIMA CENTRO;35;3;28
2026;JUNIO;JUN;6;22016;Clinica la Luz Oftalmologica;LIMA;LIMA;CERCADO;LIMA CENTRO;1945;17;13
2026;JUNIO;JUN;6;20976;Visual Center Clinica de Ojos;LIMA;LIMA;SAN MIGUEL;LIMA CENTRO;1626;40;110
2026;JUNIO;JUN;6;11741;Clinica Nortvision;LIMA;LIMA;PUEBLO LIBRE;LIMA CENTRO;379;29;22
2026;JUNIO;JUN;6;10669;Clinica Peruana para la Vision;LIMA;LIMA;JESUS MARIA;LIMA CENTRO;;;
2026;JUNIO;JUN;6;17703;OPRECE;LIMA;LIMA;MAGDALENA;LIMA CENTRO;;;
2026;JUNIO;JUN;6;29299;Mas Vision;LIMA;LIMA;LINCE;LIMA CENTRO;233;3;169
2026;JUNIO;JUN;6;11358;Confia Instituto Oftalmologico;LIMA;LIMA;SAN ISIDRO;LIMA CENTRO;361;26;37
2026;JUNIO;JUN;6;9933;Clinica Oftalmologica Macula D&T ;LIMA;LIMA;SAN ISIDRO;LIMA CENTRO;1707;0;102
2026;JUNIO;JUN;6;15182;Clinica Optima Vision;LIMA;LIMA;MIRAFLORES;LIMA CENTRO;533;0;8
2026;JUNIO;JUN;6;13900;OftalmoSalud - Surco;LIMA;LIMA;SURCO;LIMA CENTRO;471;0;5
2026;JUNIO;JUN;6;23741;Clinica Oftalmo Vissum;LIMA;LIMA;SURCO;LIMA CENTRO;355;0;35
2026;JUNIO;JUN;6;15461;Vista Salud Centro Oftalmologico;LIMA;LIMA;SURCO;LIMA CENTRO;477;0;25
2026;JUNIO;JUN;6;17676;OftalmoSalud - SJM;LIMA;LIMA;SAN JUAN DE MIRAFLORES;LIMA CENTRO;3096;0;64
2026;JUNIO;JUN;6;11167;Oftalmomedic;LIMA;LIMA;CERCADO;LIMA CENTRO;530;51;24
2026;JUNIO;JUN;6;12020;Clinica Oftalmologica Ñahui Salud - Surquillo;LIMA;LIMA;SURQUILLO;LIMA CENTRO;8682;0;279
2026;JUNIO;JUN;6;9483;Oculaser SAC;LIMA;LIMA;LIMA;LIMA CENTRO;711;0;154
2026;JUNIO;JUN;6;15927;Clinica de Ojos D'opeluse;LIMA;LIMA;LINCE;LIMA CENTRO;5741;129;39
2026;JUNIO;JUN;6;23852;Oftalmosalud - Los Olivos;LIMA;LIMA;LOS OLIVOS;LIMA NORTE;2817;0;31
2026;JUNIO;JUN;6;10739;Clinica Oftalmologica Wong;LIMA;LIMA;SAN ISIDRO;LIMA CENTRO;2090;90;201
2026;JUNIO;JUN;6;17099;Oftalmologos Contreras C.SCRL;LIMA;LIMA;SAN ISIDRO;LIMA CENTRO;229;27;4
2026;JUNIO;JUN;6;30606;Visana Clinica Especializada Oftalmologica;LIMA;LIMA;COMAS;LIMA NORTE;1029;;
2026;JUNIO;JUN;6;9505;Oftalmosalud - San Isidro;LIMA;LIMA;SAN ISIDRO;LIMA CENTRO;7145;424;182
2026;JUNIO;JUN;6;18626;Oftalmica;LIMA;LIMA;SAN BORJA;LIMA CENTRO;2722;178;36
2026;JUNIO;JUN;6;11372;Futuro Vision ;LIMA;LIMA;SAN BORJA;LIMA CENTRO;1330;0;61
2026;JUNIO;JUN;6;15716;Clinica Vista;LIMA;LIMA;JESUS MARIA;LIMA CENTRO;648;;
2026;JUNIO;JUN;6;20230;Clinica de ojos Global Laser;LIMA;LIMA;PUEBLO LIBRE;LIMA CENTRO;1227;0;133
2026;JUNIO;JUN;6;;Clinica OftalmoMédic - Lima Norte;LIMA;LIMA;LOS OLIVOS;LIMA NORTE;520;0;20
2026;JULIO;JUL;7;12429;Clinica Oftalmologica Wong;LIMA;LIMA;LOS OLIVOS;LIMA NORTE;657;;
2026;JULIO;JUL;7;28155;Consultorio Medico Oftalmologico Vista;LIMA;LIMA;COMAS;LIMA NORTE;;;
2026;JULIO;JUL;7;34209;Clinica Oftalmologica Ñahui Salud - Comas;LIMA;LIMA;COMAS;LIMA NORTE;1807;0;57
2026;JULIO;JUL;7;25804;Opero;LIMA;LIMA;CERCADO;LIMA CENTRO;45;2;23
2026;JULIO;JUL;7;22016;Clinica la Luz Oftalmologica;LIMA;LIMA;CERCADO;LIMA CENTRO;1967;17;13
2026;JULIO;JUL;7;20976;Visual Center Clinica de Ojos;LIMA;LIMA;SAN MIGUEL;LIMA CENTRO;1580;32;115
2026;JULIO;JUL;7;11741;Clinica Nortvision;LIMA;LIMA;PUEBLO LIBRE;LIMA CENTRO;417;71;22
2026;JULIO;JUL;7;10669;Clinica Peruana para la Vision;LIMA;LIMA;JESUS MARIA;LIMA CENTRO;;;
2026;JULIO;JUL;7;17703;OPRECE;LIMA;LIMA;MAGDALENA;LIMA CENTRO;;;
2026;JULIO;JUL;7;29299;Mas Vision;LIMA;LIMA;LINCE;LIMA CENTRO;218;5;182
2026;JULIO;JUL;7;11358;Confia Instituto Oftalmologico;LIMA;LIMA;SAN ISIDRO;LIMA CENTRO;381;26;35
2026;JULIO;JUL;7;9933;Clinica Oftalmologica Macula D&T ;LIMA;LIMA;SAN ISIDRO;LIMA CENTRO;1785;0;89
2026;JULIO;JUL;7;15182;Clinica Optima Vision;LIMA;LIMA;MIRAFLORES;LIMA CENTRO;508;;
2026;JULIO;JUL;7;13900;OftalmoSalud - Surco;LIMA;LIMA;SURCO;LIMA CENTRO;522;;
2026;JULIO;JUL;7;23741;Clinica Oftalmo Vissum;LIMA;LIMA;SURCO;LIMA CENTRO;402;0;51
2026;JULIO;JUL;7;15461;Vista Salud Centro Oftalmologico;LIMA;LIMA;SURCO;LIMA CENTRO;644;0;29
2026;JULIO;JUL;7;17676;OftalmoSalud - SJM;LIMA;LIMA;SAN JUAN DE MIRAFLORES;LIMA CENTRO;2773;0;60
2026;JULIO;JUL;7;11167;Oftalmomedic;LIMA;LIMA;CERCADO;LIMA CENTRO;548;67;45
2026;JULIO;JUL;7;12020;Clinica Oftalmologica Ñahui Salud - Surquillo;LIMA;LIMA;SURQUILLO;LIMA CENTRO;8938;0;233
2026;JULIO;JUL;7;9483;Oculaser SAC;LIMA;LIMA;LIMA;LIMA CENTRO;674;0;133
2026;JULIO;JUL;7;15927;Clinica de Ojos D'opeluse;LIMA;LIMA;LINCE;LIMA CENTRO;5820;92;41
2026;JULIO;JUL;7;23852;Oftalmosalud - Los Olivos;LIMA;LIMA;LOS OLIVOS;LIMA NORTE;2678;0;32
2026;JULIO;JUL;7;10739;Clinica Oftalmologica Wong;LIMA;LIMA;SAN ISIDRO;LIMA CENTRO;2135;0;308
2026;JULIO;JUL;7;17099;Oftalmologos Contreras C.SCRL;LIMA;LIMA;SAN ISIDRO;LIMA CENTRO;229;26;5
2026;JULIO;JUL;7;30606;Visana Clinica Especializada Oftalmologica;LIMA;LIMA;COMAS;LIMA NORTE;1065;;
2026;JULIO;JUL;7;9505;Oftalmosalud - San Isidro;LIMA;LIMA;SAN ISIDRO;LIMA CENTRO;6764;402;134
2026;JULIO;JUL;7;18626;Oftalmica;LIMA;LIMA;SAN BORJA;LIMA CENTRO;2832;214;20
2026;JULIO;JUL;7;11372;Futuro Vision ;LIMA;LIMA;SAN BORJA;LIMA CENTRO;1250;0;59
2026;JULIO;JUL;7;15716;Clinica Vista;LIMA;LIMA;JESUS MARIA;LIMA CENTRO;575;0;91
2026;JULIO;JUL;7;20230;Clinica de ojos Global Laser;LIMA;LIMA;PUEBLO LIBRE;LIMA CENTRO;1281;0;107
2026;JULIO;JUL;7;;Clinica OftalmoMédic - Lima Norte;LIMA;LIMA;LOS OLIVOS;LIMA NORTE;755;0;25
2026;JULIO;JUL;7;;Clinica OftalmoMédic - Lince;LIMA;LIMA;LINCE;LIMA CENTRO;505;0;17
2026;AGOSTO;AGO;8;12429;Clinica Oftalmologica Wong;LIMA;LIMA;LOS OLIVOS;LIMA NORTE;679;;
2026;AGOSTO;AGO;8;28155;Consultorio Medico Oftalmologico Vista;LIMA;LIMA;COMAS;LIMA NORTE;;;
2026;AGOSTO;AGO;8;34209;Clinica Oftalmologica Ñahui Salud - Comas;LIMA;LIMA;COMAS;LIMA NORTE;1864;0;51
2026;AGOSTO;AGO;8;25804;Opero;LIMA;LIMA;CERCADO;LIMA CENTRO;38;1;27
2026;AGOSTO;AGO;8;22016;Clinica la Luz Oftalmologica;LIMA;LIMA;CERCADO;LIMA CENTRO;2202;17;14
2026;AGOSTO;AGO;8;20976;Visual Center Clinica de Ojos;LIMA;LIMA;SAN MIGUEL;LIMA CENTRO;1810;62;133
2026;AGOSTO;AGO;8;11741;Clinica Nortvision;LIMA;LIMA;PUEBLO LIBRE;LIMA CENTRO;453;60;18
2026;AGOSTO;AGO;8;10669;Clinica Peruana para la Vision;LIMA;LIMA;JESUS MARIA;LIMA CENTRO;;;
2026;AGOSTO;AGO;8;17703;OPRECE;LIMA;LIMA;MAGDALENA;LIMA CENTRO;;;
2026;AGOSTO;AGO;8;29299;Mas Vision;LIMA;LIMA;LINCE;LIMA CENTRO;254;3;169
2026;AGOSTO;AGO;8;11358;Confia Instituto Oftalmologico;LIMA;LIMA;SAN ISIDRO;LIMA CENTRO;402;26;45
2026;AGOSTO;AGO;8;9933;Clinica Oftalmologica Macula D&T ;LIMA;LIMA;SAN ISIDRO;LIMA CENTRO;1610;0;80
2026;AGOSTO;AGO;8;15182;Clinica Optima Vision;LIMA;LIMA;MIRAFLORES;LIMA CENTRO;577;0;8
2026;AGOSTO;AGO;8;13900;OftalmoSalud - Surco;LIMA;LIMA;SURCO;LIMA CENTRO;585;0;5
2026;AGOSTO;AGO;8;23741;Clinica Oftalmo Vissum;LIMA;LIMA;SURCO;LIMA CENTRO;437;0;23
2026;AGOSTO;AGO;8;15461;Vista Salud Centro Oftalmologico;LIMA;LIMA;SURCO;LIMA CENTRO;694;0;41
2026;AGOSTO;AGO;8;17676;OftalmoSalud - SJM;LIMA;LIMA;SAN JUAN DE MIRAFLORES;LIMA CENTRO;3241;0;70
2026;AGOSTO;AGO;8;11167;Oftalmomedic;LIMA;LIMA;CERCADO;LIMA CENTRO;721;65;41
2026;AGOSTO;AGO;8;12020;Clinica Oftalmologica Ñahui Salud - Surquillo;LIMA;LIMA;SURQUILLO;LIMA CENTRO;10070;0;345
2026;AGOSTO;AGO;8;9483;Oculaser SAC;LIMA;LIMA;LIMA;LIMA CENTRO;749;0;157
2026;AGOSTO;AGO;8;15927;Clinica de Ojos D'opeluse;LIMA;LIMA;LINCE;LIMA CENTRO;6159;82;34
2026;AGOSTO;AGO;8;23852;Oftalmosalud - Los Olivos;LIMA;LIMA;LOS OLIVOS;LIMA NORTE;2875;0;39
2026;AGOSTO;AGO;8;10739;Clinica Oftalmologica Wong;LIMA;LIMA;SAN ISIDRO;LIMA CENTRO;2351;0;306
2026;AGOSTO;AGO;8;17099;Oftalmologos Contreras C.SCRL;LIMA;LIMA;SAN ISIDRO;LIMA CENTRO;277;30;2
2026;AGOSTO;AGO;8;30606;Visana Clinica Especializada Oftalmologica;LIMA;LIMA;COMAS;LIMA NORTE;1136;;
2026;AGOSTO;AGO;8;9505;Oftalmosalud - San Isidro;LIMA;LIMA;SAN ISIDRO;LIMA CENTRO;7830;456;172
2026;AGOSTO;AGO;8;18626;Oftalmica;LIMA;LIMA;SAN BORJA;LIMA CENTRO;3107;246;34
2026;AGOSTO;AGO;8;11372;Futuro Vision ;LIMA;LIMA;SAN BORJA;LIMA CENTRO;1375;0;96
2026;AGOSTO;AGO;8;15716;Clinica Vista;LIMA;LIMA;JESUS MARIA;LIMA CENTRO;592;0;178
2026;AGOSTO;AGO;8;20230;Clinica de ojos Global Laser;LIMA;LIMA;PUEBLO LIBRE;LIMA CENTRO;1355;0;159
2026;AGOSTO;AGO;8;;Clinica OftalmoMédic - Lima Norte;LIMA;LIMA;LOS OLIVOS;LIMA NORTE;897;0;10
2026;AGOSTO;AGO;8;;Clinica OftalmoMédic - Lince;LIMA;LIMA;LINCE;LIMA CENTRO;524;0;33
