CIE10;DIAGNOSTICO DESCRIPCION;TIPO
Q24.0;DEXTROCARDIA;CRONICO
R00.0;TAQUICARDIA, NO ESPECIFICADA;CURA
R00.1;BRADICARDIA, NO ESPECIFICADA;CURA
R01.1;SOPLO CARDIACO, NO ESPECIFICADO;CURA
H28.1;CATARATA EN OTRAS ENFERMEDADES ENDOCRINAS, NUTRICIONALES Y METABOLICAS;CURA
H25;CATARATA SENIL;CURA
H18.3;CAMBIOS EN LAS MEMBRANAS DE LA CORNEA;CRONICO
Q12.0;CATARATA CONGENITA;CRONICO
H17.9;CICATRIZ U OPACIDAD DE LA CORNEA, NO ESPECIFICADA;CRONICO
H31.1;DEGENERACION COROIDEA;CRONICO
H18.4;DEGENERACION DE LA CORNEA;CRONICO
H18.5;DISTROFIA HEREDITARIA DE LA CORNEA;CRONICO
Q12.4;ESFEROFAQUIA;CRONICO
Q12.1;LUXACION CONGENITA DEL CRISTALINO;CRONICO
Q14.3;MALFORMACION CONGENITA DE LA COROIDES;CRONICO
Q12.9;MALFORMACION CONGENITA DEL CRISTALINO, NO ESPECIFICADAS;CRONICO
Q13.9;MALFORMACION CONGENITA DEL SEGMENTO ANTERIOR DEL OJO, NO ESPECIFICADA;CRONICO
Q11.2;MICROFTALMIA;CRONICO
G72.1;MIOPATIA ALCOHOLICA;CRONICO
H44.2;MIOPIA DEGENERATIVA;OPTICA
H16.4;NEOVASCULARIZACION DE LA CORNEA;CRONICO
Q13.3;OPACIDAD CORNEAL CONGENITA;CRONICO
Q11.1;OTRAS ANOFTALMIAS;CRONICO
Q13.4;OTRAS MALFORMACIONES CONGENITAS DE LA CORNEA;CRONICO
Q12.8;OTRAS MALFORMACIONES CONGENITAS DEL CRISTALINO;CRONICO
Q15.8;OTRAS MALFORMACIONES CONGENITAS DEL OJO, ESPECIFICADAS;CRONICO
Q13.8;OTRAS MALFORMACIONES CONGENITAS DEL SEGMENTO ANTERIOR DEL OJO;CRONICO
H17.1;OTRAS OPACIDADES CENTRALES DE LA CORNEA;CRONICO
H17.8;OTRAS OPACIDADES O CICATRICES DE LA CORNEA;CRONICO
H18.2;OTROS EDEMAS DE LA CORNEA;CRONICO
H19.8;OTROS TRASTORNOS DE LA ESCLEROTICA Y DE LA CORNEA EN ENFERMEDADES CLASIFICADAS EN OTRA PARTE;CRONICO
H13.3;PENFIGOIDE OCULAR (L12.-);CRONICO
H16.3;QUERATITIS INTERSTICIAL Y PROFUNDA;CRONICO
H19.1;QUERATITIS Y QUERATOCONJUNTIVITIS POR HERPES SIMPLE (B00.5+) (*);CRONICO
H18.6;QUERATOCONO;CRONICO
H18.1;QUERATOPATIA VESICULAR;CRONICO
Q87.4;SINDROME DE MARFAN;CRONICO
M35.0;SINDROME SECO [SJÖGREN];CRONICO
Z94.7;TRASPLANTE DE CORNEA;CRONICO
C69.1;TUMOR MALIGNO DE LA CORNEA;CRONICO
D31.1;TUMOR BENIGNO DE LA CORNEA;CUIDA
H11.2;CICATRICES CONJUNTIVALES;CUIDA
H11.3;HEMORRAGIA CONJUNTIVAL;CUIDA
H11.4;OTROS TRASTORNOS VASCULARES Y QUISTES CONJUNTIVALES;CUIDA
H11.8;OTROS TRASTORNOS ESPECIFICADOS DE LA CONJUNTIVA;CUIDA
H11.9;TRASTORNO DE LA CONJUNTIVA, NO ESPECIFICADO;CUIDA
H13.8;OTROS TRASTORNOS DE LA CONJUNTIVA EN ENFERMEDADES CLASIFICADAS EN OTRA PARTE;CUIDA
H15.8;OTROS TRASTORNOS DE LA ESCLEROTICA;CUIDA
H15.9;TRASTORNO DE LA ESCLEROTICA, NO ESPECIFICADO;CUIDA
H18.0;PIGMENTACIONES Y DEPOSITOS EN LA CORNEA;CUIDA
H18.7;OTRAS DEFORMIDADES DE LA CORNEA;CUIDA
H18.8;OTROS TRASTORNOS ESPECIFICADOS DE LA CORNEA;CUIDA
H18.9;TRASTORNO DE LA CORNEA, NO ESPECIFICADO;CUIDA
H52.0;HIPERMETROPIA;OPTICA
H52.1;MIOPIA;CUIDA
H52.2;ASTIGMATISMO;OPTICA
H52.6;OTROS TRASTORNOS DE LA REFRACCION;CUIDA
H52.7;TRASTORNO DE LA REFRACCION, NO ESPECIFICADO;CUIDA
H52.70;AMETROPIA;CUIDA
H53.1;ALTERACIONES VISUALES SUBJETIVAS;CUIDA
H53.8;OTRAS ALTERACIONES VISUALES;CUIDA
H53.9;ALTERACION VISUAL, NO ESPECIFICADA;CUIDA
H59.0;TRASTORNOS DEL OJO DESPUES DE CIRUGIA DE CATARATAS;CUIDA
Z52.5;DONANTE DE CORNEA;CUIDA
E50.2;DEFICIENCIA DE VITAMINA A CON XEROSIS CORNEAL;CURA
E50.3;DEFICIENCIA DE VITAMINA A CON ULCERA Y XEROSIS DE CORNEA;CURA
E50.6;DEFICIENCIA DE VITAMINA A CON CICATRICES XEROFTALMICAS DE LA CORNEA;CURA
H16.0;ULCERA DE LA CORNEA;CURA
H25.0;CATARATA SENIL INCIPIENTE;CURA
H25.1;CATARATA SENIL NUCLEAR;CURA
H25.2;CATARATA SENIL, TIPO MORGAGNIAN;CURA
H25.8;OTRAS CATARATAS SENILES;CURA
H25.9;CATARATA SENIL, NO ESPECIFICADA;CURA
H26.0;CATARATA INFANTIL, JUVENIL Y PRESENIL;CURA
H26.1;CATARATA TRAUMATICA;CURA
H26.2;CATARATA COMPLICADA;CURA
H26.22;CATARATA POR UVEITIS;CURA
H26.3;CATARATA INDUCIDA POR DROGAS;CURA
H26.4;CATARATA SECUNDARIA;CURA
H26.8;OTRAS FORMAS ESPECIFICADAS DE CATARATA;CURA
H26.9;CATARATA, NO ESPECIFICADA;CURA
H28.0;CATARATA DIABETICA (E10-E14+ CON CUARTO CARACTER COMUN .3) (*);CURA
H28.1;CATARATA EN OTRAS ENFERMEDADES ENDOCRINAS, NUTRICIONALES Y METABOLICAS CLASIFICADAS EN OTRA PARTE (*);CURA
H28.2;CATARATA EN OTRAS ENFERMEDADES CLASIFICADAS EN OTRA PARTE;CURA
S05.0;TRAUMATISMO DE LA CONJUNTIVA Y ABRASION CORNEAL SIN MENCION DE CUERPO EXTRAÑO;CURA
T15.0;CUERPO EXTRAÑO EN LA CORNEA;CURA
T26.1;QUEMADURA DE LA CORNEA Y SACO CONJUNTIVAL;CURA
T26.6;CORROSION DE LA CORNEA Y SACO CONJUNTIVAL;CURA
H27.80;CATARATA PSEUDOEXFOLIATIVO DEL CRISTALINO;CURA
H25.20;CATARATA SENIL HIPERMADURA;CURA
H26.41;OPACIDAD DE CAPSULA POSTERIOR EN AFAQUIA O PSEUDOFAQUIA(CATARATA);CURA
H16.01;ULCERA CORNEAL MARGINAL;CURA
H19.0;ESCLERITIS Y EPISCLERITIS EN ENFERMEDADES CLASIFICADAS EN OTRA PARTE (;CURA
S05.0;TRAUMATISMO DE LA CONJUNTIVA Y ABRASION CORNEAL SIN MENCION DE CUERPO ;CURA
H19.2;QUERATITIS Y QUERATOCONJUNTIVITIS EN ENFERMEDADES INFECCIOSAS Y PARASI;CURA
Q13.1;AUSENCIA DEL IRIS;CRONICO
H17.0;LEUCOMA ADHERENTE;CRONICO
H16.1;OTRAS QUERATITIS SUPERFICIALES SIN CONJUNTIVITIS;CURA
H16.2;QUERATOCONJUNTIVITIS;CURA
H16.8;OTRAS QUERATITIS;CURA
H16.9;QUERATITIS, NO ESPECIFICADA;CURA
H19.2;QUERATITIS Y QUERATOCONJUNTIVITIS EN ENFERMEDADES INFECCIOSAS Y PARASITARIAS, CLASIFICADAS EN OTRA PARTE;CURA
H19.3;QUERATITIS Y QUERATOCONJUNTIVITIS EN OTRAS ENFERMEDADES CLASIFICADAS EN OTRA PARTE (*);CURA
H16.80;ESCLEROQUERATITIS;CURA
H16;QUERATITIS;CURA
H27.0;AFAQUIA;CURA
H27.1;LUXACION DEL CRISTALINO;CURA
H27.2;SUBLUXACION DEL CRISTALINO;CURA
H27.3;LUXACION DE LENTE INTRA OCULAR;CURA
H27.4;SUBLUXACION DE LENTE INTRAOCULAR;CURA
H27.8;OTROS TRASTORNOS ESPECIFICADOS DEL CRISTALINO;CURA
H27.9;TRASTORNO DEL CRISTALINO, NO ESPECIFICADO;CURA
H28.8;OTROS TRASTORNOS DEL CRISTALINO EN ENFERMEDADES CLASIFICADAS EN OTRA PARTE;CURA
H21.0;HIFEMA;CURA
H21.1;OTROS TRASTORNOS VASCULARES DEL IRIS Y DEL CUERPO CILIAR;CURA
E02;HIPOTIROIDISMO SUBCLINICO POR DEFICIENCIA DE YODO;CUIDA
T78.4;ALERGIA NO ESPECIFICADA;CRONICO
E85.4;AMILOIDOSIS LIMITADA A UN ORGANO;CRONICO
D57.0;ANEMIA FALCIFORME CON CRISIS;CRONICO
I20.1;ANGINA DE PECHO CON ESPASMO DOCUMENTADO;CRONICO
I20.9;ANGINA DE PECHO, NO ESPECIFICADA;CRONICO
I20.0;ANGINA INESTABLE;CRONICO
H57.0;ANOMALIAS DE LA FUNCION PUPILAR;CRONICO
I49.9;ARRITMIA CARDIACA, NO ESPECIFICADA;CRONICO
H54.7;DISMINUCION DE LA AGUDEZA VISUAL, SIN ESPECIFICACION;CRONICO
H54.6;DISMINUCION INDETERMINADA DE LA AGUDEZA VISUAL DE UN OJO;CRONICO
H54.3;DISMINUCION INDETERMINADA DE LA AGUDEZA VISUAL EN AMBOS OJOS;CRONICO
Q86.2;DISMORFISMO DEBIDO A WARFARINA;CRONICO
Q75.1;DISOSTOSIS CRANEOFACIAL;CRONICO
Q75.5;DISOSTOSIS OCULOMAXILAR;CRONICO
Q77.6;DISPLASIA CONDROECTODERMICA;CRONICO
Q78.3;DISPLASIA DIAFISARIA PROGRESIVA;CRONICO
Q77.5;DISPLASIA DISTROFICA;CRONICO
Q82.4;DISPLASIA ECTODERMICA (ANHIDROTICA);CRONICO
Q77.7;DISPLASIA ESPONDILOEPIFISARIA;CRONICO
Q78.5;DISPLASIA METAFISARIA;CRONICO
Q78.1;DISPLASIA POLIOSTOTICA FIBROSA;CRONICO
Q67.2;DOLICOCEFALIA;CRONICO
Q92.5;DUPLICACIONES CON OTROS REORDENAMIENTOS COMPLEJOS;CRONICO
Q92.4;DUPLICACIONES VISIBLES SOLO EN LA PROMETAFASE;CRONICO
Q78.4;ENCONDROMATOSIS;CRONICO
H45.1;ENDOFTALMITIS EN ENFERMEDADES CLASIFICADAS EN OTRA PARTE;CRONICO
H44.0;ENDOFTALMITIS PURULENTA;CRONICO
I11.0;ENFERMEDAD CARDIACA HIPERTENSIVA CON INSUFICIENCIA CARDIACA CONGESTIVA (ICC);CRONICO
I11.9;ENFERMEDAD CARDIACA HIPERTENSIVA SIN INSUFICIENCIA CARDIACA CONGESTIVA (ICC);CRONICO
I51.6;ENFERMEDAD CARDIOVASCULAR NO ESPECIFICADA;CRONICO
B20.2;ENFERMEDAD POR VIH, RESULTANTE EN ENFERMEDAD POR CITOMEGALOVIRUS;CRONICO
B20.8;ENFERMEDAD POR VIH, RESULTANTE EN OTRAS ENFERMEDADES INFECCIOSAS O PARASITARIAS;CRONICO
I12.0;ENFERMEDAD RENAL HIPERTENSIVA CON INSUFICIENCIA RENAL;CRONICO
I12.9;ENFERMEDAD RENAL HIPERTENSIVA SIN INSUFICIENCIA RENAL;CRONICO
Q81.2;EPIDERMOLISIS BULLOSA DISTROFICA;CRONICO
Q81.1;EPIDERMOLISIS BULLOSA LETAL;CRONICO
Q81.0;EPIDERMOLISIS BULLOSA SIMPLE;CRONICO
Q81.9;EPIDERMOLISIS BULLOSAS, NO ESPECIFICADAS;CRONICO
L51.1;ERITEMA MULTIFORME FLICTENULAR;CRONICO
Q80.3;ERITRODERMIA ICTIOSIFORME VESICULAR CONGENITA;CRONICO
H19.0;ESCLERITIS Y EPISCLERITIS EN ENFERMEDADES CLASIFICADAS EN OTRA PARTE (*);CRONICO
M34.0;ESCLEROSIS SISTEMICA PROGRESIVA;CRONICO
M45.X;ESPONDILITIS ANQUILOSANTE;CRONICO
M45.2;ESPONDILITIS ANQUILOSANTE REGION CERVICAL;CRONICO
M45.1;ESPONDILITIS ANQUILOSANTE REGION OCCIPITOCERVICAL;CRONICO
I35.0;ESTENOSIS DE LA VALVULA AORTICA;CRONICO
I34.2;ESTENOSIS DE LA VALVULAMITRAL, NO REUMATICA;CRONICO
H06.2;EXOFTALMIA HIPERTIROIDEA (E05.-);CRONICO
Q78.6;EXOSTOSIS CONGENITA MULTIPLE;CRONICO
Q67.1;FACIES COMPRIMIDA;CRONICO
Q85.9;FACOMATOSIS, NO ESPECIFICADAS;CRONICO
I49.0;FIBRILACION Y ALETEO VENTRICULAR;CRONICO
I80.0;FLEBITIS Y TROMBOFLEBITIS DE VASOS SUPERFICIALES DE LOS MIEMBROS INFERIORES;CRONICO
Q75.2;HIPERTELORISMO;CRONICO
I15.1;HIPERTENSION SECUNDARIA A OTROS TRASTORNOS RENALES;CRONICO
I15.2;HIPERTENSION SECUNDARIA A TRASTORNOS ENDOCRINOS;CRONICO
H91.9;HIPOACUSIA, NO ESPECIFICADA;CRONICO
I95.1;HIPOTENSION ORTOSTATICA;CRONICO
H44.4;HIPOTONIA OCULAR;CRONICO
Q80.9;ICTIOSIS CONGENITA, NO ESPECIFICADA;CRONICO
Q80.2;ICTIOSIS LAMELAR;CRONICO
Q80.1;ICTIOSIS LIGADA AL CROMOSOMA X;CRONICO
Q80.0;ICTIOSIS VULGAR;CRONICO
Q82.3;INCONTINENCIA PIGMENTARIA;CRONICO
Q95.4;INDIVIDUOS CON HETEROCROMATINA MARCADORA;CRONICO
Q95.5;INDIVIDUOS CON SITIO FRAGIL AUTOSOMICO;CRONICO
I21.1;INFARTO TRANSMURAL AGUDO DE MIOCARDIODE LA PARED INFERIOR;CRONICO
I21.0;INFARTO TRANSMURAL AGUDO DEL MIOCARDIODE LA PARED ANTERIOR;CRONICO
H05.0;INFLAMACION AGUDA DE LA ORBITA;CRONICO
I50.0;INSUFICIENCIA CARDIACA CONGESTIVA;CRONICO
I35.1;INSUFICIENCIA DE LA VALVULA AORTICA;CRONICO
I34.0;INSUFICIENCIA DE LA VALVULA MITRAL;CRONICO
I50.1;INSUFICIENCIA VENTRICULAR IZQUIERDA;CRONICO
Q95.1;INVERSION CROMOSOMICA EN INDIVIDUO NORMAL;CRONICO
C91.0;LEUCEMIA LINFOBLASTICA AGUDA;CRONICO
Q82.0;LINFEDEMA HEREDITARIO;CRONICO
C83.0;LINFOMA NO HODKIN DE CELULAS PEQUEÑAS (DIFUSO);CRONICO
L93.0;LUPUS ERITEMATOSO DISCOIDE;CRONICO
M32.0;LUPUS ERITEMATOSO SISTEMICO, INDUCIDO POR DROGAS;CRONICO
Q75.3;MACROCEFALIA;CRONICO
Q11.3;MACROFTALMIA;CRONICO
Q82.9;MALFORMACION CONGENITA DE LA PIEL, NO ESPECIFICADA;CRONICO
Q07.9;MALFORMACION CONGENITA DE SISTEMA NERVIOSO, NO ESPECIFICADA;CRONICO
Q89.9;MALFORMACION CONGENITA, NO ESPECIFICADAS;CRONICO
Q89.7;MALFORMACIONES CONGENITAS MULTIPLES, NO CLASIFICADAS EN OTRA PARTE;CRONICO
Q15.9;MALFORMACIONES CONGENITASDEL OJO, NO ESPECIFICADAS;CRONICO
Q82.2;MASTOCITOSIS;CRONICO
C43.3;MELANOMA MALIGNO DE OTRAS PARTES Y LAS NO ESPECIFICADAS DE LA CARA;CRONICO
I09.0;MIOCARDITIS REUMATICA;CRONICO
Q93.1;MONOSOMIA COMPLETA DE UN CROMOSOMA, MOSAICO (POR FALTA DE DISYUNCION MITOTICA);CRONICO
Q93.0;MONOSOMIA COMPLETA DE UN CROMOSOMA, POR FALTA DE DISYUNCION MEIOTICA;CRONICO
Q82.5;NEVO NO NEOPLASICO, CONGENITO;CRONICO
H54.8;OJO UNICO;CRONICO
Q77.9;OSTEOCONDRODISPLASIA CON DEFECTO DE CRECIMIENTO HUESOS LARGOS Y DE LA COLUMNA VERTEBRAL, SIN OTRA ESPECIFICACION;CRONICO
Q78.9;OSTEOCONDRODISPLASIA, NO ESPECIFICADA;CRONICO
Q78.0;OSTEOGENESIS IMPERFECTA;CRONICO
Q78.2;OSTEOPETROSIS;CRONICO
M05.8;OTRAS ARTRITIS REUMATOIDEAS SEROPOSITIVAS;CRONICO
M07.3;OTRAS ARTROPATIAS PSORIASICAS (L40.5);CRONICO
L21.8;OTRAS DERMATITIS SEBORREICAS;CRONICO
Q81.8;OTRAS EPIDERMOLISIS BULLOSAS;CRONICO
Q85.8;OTRAS FACOMATOSIS, NO CLASIFICADAS EN OTRA PARTE;CRONICO
Q80.8;OTRAS ICTIOSIS CONGENITAS;CRONICO
Q82.8;OTRAS MALFORMACIONES CONGENITAS DE LA PIEL, ESPECIFICADAS;CRONICO
Q89.8;OTRAS MALFORMACIONES CONGENITAS, ESPECIFICADAS;CRONICO
Q77.8;OTRAS OSTEOCONDRODISPLASIAS CON DEFECTOS DEL CRECIMIENTO DE LOS HUESOS LARGOS Y DE LA COLUMNA VERTEBRAL.;CRONICO
Q78.8;OTRAS OSTEOCONDRODISTROPLASIAS ESPECIFICADAS;CRONICO
L71.8;OTRAS ROSACEAS;CRONICO
Q93.8;OTRAS SUPRESIONES DE LOS AUTOSOMAS;CRONICO
Q93.5;OTRAS SUPRESIONES DE PARTE DE UN CROMOSOMA;CRONICO
Q92.8;OTRAS TRISOMIA Y TRISOMIA PARCIALES DE LOS AUTOSOMAS, ESPECIFICADAS;CRONICO
H55.8;OTROS MOVIMIENTOS OCULARES IRREGULARES;CRONICO
Q86.8;OTROS SINDROMES DE MALFORMACIONES CONGENITA DEBIDO A CAUSAS EXOGENAS CONOCIDAS;CRONICO
Q87.5;OTROS SINDROMES DE MALFORMACIONES CONGENITAS CON OTROS CAMBIOS ESQUELETICOS;CRONICO
Q87.8;OTROS SINDROMES DE MALFORMACIONES CONGENITAS ESPECIFICADAS, NO CLASIFICADOS EN OTRA PARTE;CRONICO
I15.8;OTROS TIPOS DE HIPERTENSION SECUNDARIA;CRONICO
H49.1;PARALISIS DEL IV PAR CRANEAL- NERVIO TROCLEAR O PATETICO;CRONICO
H49.0;PARALISIS DEL NERVIO MOTOR OCULAR COMUN [III PAR];CRONICO
H49.2;PARALISIS DEL NERVIO MOTOR OCULAR EXTERNO [VI PAR];CRONICO
I46.0;PARO CARDIACO CON RESUCITACION EXITOSA;CRONICO
I31.1;PERICARDITIS CONSTRICTIVA CRONICA;CRONICO
M30.0;POLIARTERITIS NUDOSA;CRONICO
G63.1;POLINUEROPATIA EN ENFERMEDAD NEOPLASICA CONJUNTIVAL;CRONICO
I34.1;PROLAPSO DE LA VALVULA MITRAL;CRONICO
T86.0;RECHAZO DE TRASPLANTE DE MEDULA OSEA;CRONICO
Q95.2;REORDENAMIENTO AUTOSOMICO EQUILIBRADO EN INDIVIDUO ANORMAL;CRONICO
Q95.3;REORDENAMIENTO AUTOSOMICO/SEXUAL EQUILIBRADO EN INDIVIDUO ANORMAL;CRONICO
Q95.9;REORDENAMIENTO EQUILIBRADO Y MARCADOR ESTRUCTURAL, SIN OTRA ESPECIFICACION;CRONICO
H44.6;RETENCION INTRAOCULAR DE CUERPO EXTRAÑO MAGNETICO (ANTIGUO);CRONICO
H44.7;RETENCION INTRAOCULAR DE CUERPO EXTRAÑO NO MAGNETICO (ANTIGUO);CRONICO
B94.9;SECUELAS DE ENFERMEDADES INFECCIOSAS Y PARASITARIAS NO ESPECIFICADAS;CRONICO
G44.0;SINDROME DE CEFALEA EN RACIMOS;CRONICO
Q77.2;SINDROME DE COSTILLA CORTA;CRONICO
Q91.3;SINDROME DE EDWARDS (TRISOMIA 18) NO ESPECIFICADO;CRONICO
Q79.6;SINDROME DE EHLERS-DANLOS;CRONICO
M05.0;SINDROME DE FELTY;CRONICO
Q86.1;SINDROME DE HIDANTOINA FETAL;CRONICO
Q98.0;SINDROME DE KLINEFELTER, CARIOTIPO 47,XXY;CRONICO
Q91.7;SINDROME DE PATAU (TRISOMIA 13) NO ESPECIFICADO;CRONICO
Q60.6;SINDROME DE POTTER;CRONICO
I45.6;SINDROME DE PREEXCITACION;CRONICO
H04.13;SINDROME DE SEQUEDAD OCULAR [SINDROME DE OJO SECO](GLANDULA LAGRIMAL);CRONICO
M31.4;SINDROME DEL CAYADO DE LA AORTA (TAKAYASU);CRONICO
Q90.9;SINDROME DOWN, NO ESPECIFICADO;CRONICO
Q86.0;SINDROME FETAL (DISMORFICO) DEBIDO AL ALCOHOL;CRONICO
Q87.1;SINDROMES DE MALFORMACIONES CONGENITAS ASOCIADAS PRINCIPALMENTE CON ESTATURA BAJA;CRONICO
Q87.3;SINDROMES DE MALFORMACIONES CONGENITAS CON EXCESO DE CRECIMIENTO PRECOZ;CRONICO
Q87.2;SINDROMES DE MALFORMACIONES CONGENITAS QUE AFECTAN PRINCIPALMENTE LOS MIEMBROS;CRONICO
Q93.9;SUPRESION DE LOS AUTOSOMAS, NO ESPECIFICADA;CRONICO
Q93.3;SUPRESION DEL BRAZO CORTO DEL CROMOSOMA 4;CRONICO
Q93.4;SUPRESION DEL BRAZO CORTO DEL CROMOSOMA 5;CRONICO
Q93.7;SUPRESIONES CON OTROS REORDENAMIENTOS COMPLEJOS;CRONICO
Q93.6;SUPRESIONES VISIBLES SOLO EN LA PROMETAFASE;CRONICO
I47.1;TAQUICARDIA SUPRAVENTRICULAR;CRONICO
I47.2;TAQUICARDIA VENTRICULAR;CRONICO
G25.6;TICS INDUCIDOS POR DROGAS Y OTROS TICS DE ORIGEN ORGANICO;CRONICO
Q95.0;TRANSLOCACION EQUILIBRADA E INSERCION EN INDIVIDUO NORMAL;CRONICO
F95.2;TRASTORNO POR TICS MOTORES Y VOCALES MULTIPLES COMBINADOS [SINDROME DE TOURETTE];CRONICO
I08.0;TRASTORNOS DE LAS VALVULAS MITRAL Y AORTICA (CARDIOESCLEROSIS);CRONICO
H47.5;TRASTORNOS DE OTRAS VIAS OPTICAS;CRONICO
E72.0;TRASTORNOS DEL TRANSPORTE DE LOS AMINOACIDOS;CRONICO
S04.9;TRAUMATISMO DE NERVIOS CRANEALES, NO ESPECIFICADO;CRONICO
S04.5;TRAUMATISMO DEL NERVIO FACIAL [VII PAR].;CRONICO
S04.1;TRAUMATISMO DEL NERVIO MOTOR OCULAR COMUN [III PAR];CRONICO
S04.4;TRAUMATISMO DEL NERVIO MOTOR OCULAR EXTERNO [VI PAR]. [ABDUCENS];CRONICO
S04.0;TRAUMATISMO DEL NERVIO OPTICO [II PAR] Y DE LAS VIAS OPTICAS;CRONICO
S04.2;TRAUMATISMO DEL NERVIO PATETICO [IV PAR]. [TROCLEAR];CRONICO
S04.3;TRAUMATISMO DEL NERVIO TRIGEMINO [V PAR].;CRONICO
Q92.7;TRIPLOIDIA Y POLIPLOIDIA;CRONICO
Q91.5;TRISOMIA 13, MOSAICO (POR FALTA DE DISYUNCION MITOTICA);CRONICO
Q91.4;TRISOMIA 13, POR FALTA DE DISYUNCION MEIOTICA (SINDROME DE PATAU);CRONICO
Q91.6;TRISOMIA 13, POR TRASLOCACION;CRONICO
Q91.1;TRISOMIA 18, MOSAICO (POR FALTA DE DISYUNCION MITOTICA);CRONICO
Q91.0;TRISOMIA 18, POR FALTA DE DISYUNCION MEIOTICA (SINDROME DE EDWARDS );CRONICO
Q91.2;TRISOMIA 18, POR TRANSLOCACION;CRONICO
Q90.2;TRISOMIA 21 POR TRANSLOCACION;CRONICO
Q90.1;TRISOMIA 21, MOSAICO (POR FALTA DE DISYUNCION MITOTICA);CRONICO
Q90.0;TRISOMIA 21, POR FALTA DE DISYUNCION MEIOTICA;CRONICO
Q92.1;TRISOMIA DE UN CROMOSOMA COMPLETO, MOSAICO ( POR FALTA DE DISYUNCION MITOTICA);CRONICO
Q92.0;TRISOMIA DE UN CROMOSOMA COMPLETO, POR FALTA DE DISYUNCION MEIOTICA;CRONICO
Q92.2;TRISOMIA PARCIAL MAYOR;CRONICO
Q92.3;TRISOMIA PARCIAL MENOR;CRONICO
Q92.9;TRISOMIA Y TRISOMIA PARCIAL DE LOS AUTOSOMAS, SIN OTRA ESPECIFICACION;CRONICO
A18.5;TUBERCULOSIS DEL OJO;CRONICO
C83.7;TUMOR DE BURKITT;CRONICO
C64.1;TUMOR DE WILMS;CRONICO
C69.0;TUMOR MALIGNO DE LA CONJUNTIVA;CRONICO
C69.3;TUMOR MALIGNO DE LA COROIDES;CRONICO
C69.5;TUMOR MALIGNO DE LA GLANDULA Y CONDUCTO LAGRIMAL;CRONICO
C69.6;TUMOR MALIGNO DE LA ORBITA;CRONICO
M05.2;VASCULITIS REUMATOIDE;CRONICO
I83.9;VENAS VARICOSAS DE LOS MIEMBROS INFERIORES SIN ULCERA NI INFLAMACION;CRONICO
Q82.1;XERODERMA PIGMENTOSO;CRONICO
D16.4;TUMOR BENIGNO DE LOS HUESOS DE LA ORBITA;CUIDA
D18.0;HEMANGIOMA, DE CUALQUIER SITIO;CUIDA
D18.1;LINFANGIOMA, DE CUALQUIER SITIO;CUIDA
D22.3;NEVO MELANOCITICO DE OTRAS PARTES Y DE LAS NO ESPECIFICADAS DE LA CARA;CUIDA
D31.0;TUMOR BENIGNO DE LA CONJUNTIVA;CUIDA
D31.3;TUMOR BENIGNO DE LA COROIDES;CUIDA
D31.4;TUMOR BENIGNO DEL CUERPO CILIAR;CUIDA
D31.5;TUMOR BENIGNO DE LAS GLANDULAS Y DE LOS CONDUCTOS LAGRIMALES;CUIDA
D31.6;TUMOR BENIGNO DE LA ORBITA, PARTE NO ESPECIFICADA;CUIDA
D31.9;TUMOR BENIGNO DEL OJO, PARTE NO ESPECIFICADA;CUIDA
D32.0;TUMOR BENIGNO DE LAS MENINGES CEREBRALES;CUIDA
D33.3;TUMOR BENIGNO DE LOS NERVIOS CRANEALES;CUIDA
D35.2;TUMOR BENIGNO DE LA HIPOFISIS;CUIDA
E88.2;LIPOMATOSIS, NO CLASIFICADA EN OTRA PARTE;CUIDA
H11.1;DEGENERACIONES Y DEPOSITOS CONJUNTIVALES;CUIDA
H21.4;MEMBRANAS PUPILARES;CUIDA
H21.5;OTRAS ADHERENCIAS Y DESGARROS DEL IRIS Y DEL CUERPO CILIAR;CUIDA
H21.8;OTROS TRASTORNOS ESPECIFICADOS DEL IRIS Y DEL CUERPO CILIAR;CUIDA
H21.9;TRASTORNO DEL IRIS Y DEL CUERPO CILIAR, NO ESPECIFICADO;CUIDA
H31.8;OTROS TRASTORNOS ESPECIFICADOS DE LA COROIDES;CUIDA
H31.9;TRASTORNO DE LA COROIDES, NO ESPECIFICADO;CUIDA
H43.2;DEPOSITOS CRISTALINOS EN EL CUERPO VITREO;CUIDA
H43.3;OTRAS OPACIDADES VITREAS;CUIDA
H43.8;OTROS TRASTORNOS DEL CUERPO VITREO;CUIDA
H43.9;TRASTORNO DEL CUERPO VITREO, NO ESPECIFICADO;CUIDA
H44.8;OTROS TRASTORNOS DEL GLOBO OCULAR;CUIDA
H44.9;TRASTORNOS DEL GLOBO OCULAR, NO ESPECIFICADO;CUIDA
H45.8;OTROS TRASTORNOS DEL CUERPO VITREO Y DEL GLOBO OCULAR EN ENFERMEDADES CLASIFICADAS EN OTRA PARTE;CUIDA
H52.3;ANISOMETROPIA Y ANISEICONIA;CUIDA
H52.4;PRESBICIA;OPTICA
H52.5;TRASTORNOS DE ACOMODACION;CUIDA
H57.9;TRASTORNOS DEL OJO Y SUS ANEXOS, NO ESPECIFICADOS;CUIDA
H58.0;ANOMALIAS DE LA FUNCION PUPILAR EN ENFERMEDADES CLASIFICADAS EN OTRA PARTE;CUIDA
H58.1;ALTERACIONES DE LA VISION EN ENFERMEDADES CLASIFICADAS EN OTRA PARTE;CUIDA
H58.8;OTROS TRASTORNOS ESPECIFICADOS DEL OJO EN ENFERMEDADES CLASIFICADAS EN OTRA PARTE;CUIDA
M35.7;SINDROME DE HIPERMOVILIDAD;CUIDA
R03.0;LECTURA ELEVADA DE LA PRESION SANGUINEA, SIN DIAGNOSTICO DE HIPERTENSION;CUIDA
R44.1;ALUCINACIONES VISUALES;CUIDA
T44.0;AGENTES ANTICOLINESTERASA;CUIDA
T49.5;DROGAS Y PREPARACIONES OFTALMOLOGICAS;CUIDA
T49.9;AGENTES TOPICOS NO ESPECIFICADOS;CUIDA
Y42.0;EFECTOS ADVERSOS DE GLUCOCORTICOIDES Y ANALOGOS SINTETICOS;CUIDA
Y49.3;EFECTOS ADVERSOS DE ANTIPSICOTICOS Y NEUROLEPTICOS FENOTIAZINICOS;CUIDA
Y49.5;EFECTOS ADVERSOS DE OTROS ANTIPSICOTICOS Y NEUROLEPTICOS;CUIDA
Y51.3;EFECTOS ADVERSOS DE OTROS PARASIMPATICOLITICOS Y ESPASMOLITICOS, NO CLASIFICADOS EN OTRA PARTE;CUIDA
Y56.5;EFECTOS ADVERSOS DE DROGAS Y PREPARADOS OFTALMOLOGICOS;CUIDA
Z00.0;EXAMEN MEDICO GENERAL;CUIDA
Z01.0;EXAMEN DE OJOS Y DE LA VISION;CUIDA
Z01.6;EXAMEN RADIOLOGICO, NO CLASIFICADO EN OTRA PARTE_;CUIDA
Z01.8;OTROS EXAMENES ESPECIALES ESPECIFICADOS;CUIDA
Z01.9;EXAMENES ESPECIALES NO ESPECIFICADOS;CUIDA
Z02.0;EXAMEN PARA ADMISION A INSTITUCIONES EDUCATIVAS;CUIDA
Z02.1;EXAMEN PRE EMPLEO;CUIDA
Z02.4;EXAMEN PARA OBTENCION DE LICENCIAS DE CONDUCIR;CUIDA
Z02.6;EXAMEN PARA FINES DE SEGUROS;CUIDA
Z02.7;EXTENSION DE CERTIFICADO MEDICO;CUIDA
Z02.8;OTROS EXAMENES PARA FINES ADMINISTRATIVOS;CUIDA
Z03.8;OBSERVACION POR SOSPECHA DE OTRAS ENFERMEDADES Y AFECCIONES;CUIDA
Z10.0;EXAMEN DE SALUD OCUPACIONAL;CUIDA
Z13.5;EXAMEN DE PESQUISA ESPECIAL PARA TRASTORNOS DEL OJO Y DEL OIDO;CUIDA
Z13.6;EXAMEN DE PESQUISA ESPECIAL PARA TRASTORNOS CARDIOVASCULARES;CUIDA
Z22.6;PORTADOR DE ENFERMEDAD INFECCIOSA DEBIDA AL VIRUS HUMANO T-LINFOTROPICO TIPO 1 [VHTL-1];CUIDA
Z44.2;PRUEBA Y AJUSTE DE OJO ARTIFICIAL;CUIDA
Z46.0;PRUEBA Y AJUSTE DE ANTEOJOS Y LENTES DE CONTACTO;CUIDA
Z48.0;ATENCION DE LOS APOSITOS Y SUTURAS;CUIDA
Z48.8;OTROS CUIDADOS ESPECIFICADOS POSTERIORES A LA CIRUGIA;CUIDA
Z48.9;CUIDADO POSTERIOR A LA CIRUGIA, NO ESPECIFICADO;CUIDA
Z53.0;PROCEDIMIENTO NO REALIZADO POR CONTRAINDICACION;CUIDA
Z53.1;PROCEDIMIENTO NO REALIZADO POR DECISION DEL PACIENTE, POR RAZONES DE CREENCIA O PRESION DE GRUPO;CUIDA
Z53.8;PROCEDIMIENTO NO REALIZADO POR OTRA RAZONES;CUIDA
Z54.0;CONVALECENCIA CONSECUTIVA A CIRUGIA;CUIDA
Z71.0;PERSONA QUE CONSULTA EN NOMBRE DE OTRA PERSONA;CUIDA
Z71.1;PERSONA QUE TEME ESTAR ENFERMA, A QUIEN NO SE HACE DIAGNOSTICO;CUIDA
Z71.2;PERSONA QUE CONSULTA PARA EXPLICACION DE HALLAZGOS DE INVESTIGACION;CUIDA
Z76.2;CONSULTA PARA ATENCION Y SUPERVISION DE LA SALUD DE OTROS NIÑOS O LACTANTES SANOS;CUIDA
Z82.1;HISTORIA FAMILIAR DE CEGUERA O PERDIDA DE LA VISION;CUIDA
Z83.5;HISTORIA FAMILIAR DE TRASTORNOS DE LOS OJOS;CUIDA
Z96.1;PRESENCIA DE LENTES INTRAOCULARES;CUIDA
Z96.8;PRESENCIA DE OTROS IMPLANTES FUNCIONALES ESPECIFICADOS;CUIDA
Z97.0;PRESENCIA DE OJO ARTIFICIAL;CUIDA
Z97.3;PRESENCIA DE ANTEOJOS Y LENTES DE CONTACTO;CUIDA
Z98.8;OTROS ESTADOS POSTQUIRURGICOS ESPECIFICADOS;CUIDA
A06.8;INFECCION AMEBIANA DE OTRAS LOCALIZACIONES;CURA
A23.0;BRUCELOSIS DEBIDA A BRUCELLA MELITENSIS;CURA
A30.0;LEPRA INDETERMINADA;CURA
A36.8;OTRAS DIFTERIAS;CURA
A39.8;OTRAS INFECCIONES MENINGOCOCICAS;CURA
A40.0;SEPTICEMIA DEBIDA A ESTREPTOCOCOS DEL GRUPO A (SEPSIS);CURA
A44.8;OTRAS FORMAS DE BARTONELOSIS;CURA
A51.4;OTRAS SIFILIS SECUNDARIAS;CURA
A52.1;NEUROSIFILIS SINTOMATICA;CURA
A52.7;OTRAS SIFILIS TARDIAS SINTOMATICAS;CURA
A54.3;INFECCION GONOCOCICA DEL OJO;CURA
A71.0;ESTADIO INICIAL DE TRACOMA;CURA
A71.1;ESTADO ACTIVO DE TRACOMA;CURA
B05.8;SARAMPION CON OTRAS COMPLICACIONES;CURA
B08.1;MOLUSCO CONTAGIOSO;CURA
B36.9;MICOSIS SUPERFICIAL, SIN OTRA ESPECIFICACION;CURA
B60.1;ACANTAMEBIASIS;CURA
B74.3;LOAIASIS;CURA
B85.3;PITIRIASIS;CURA
B87.2;MIASIS OCULAR;CURA
B88.0;OTRAS ACARIASIS;CURA
C31.0;TUMOR MALIGNO DEL SENO MAXILAR;CURA
C41.0;TUMOR MALIGNO DE LOS HUESOS DE LA ORBITA;CURA
C41.8;LESION DE SITIOS CONTIGUOS DEL HUESO YDEL CARTILAGO ARTICULAR;CURA
C69.8;LESION DE SITIOS CONTIGUOS DEL OJO Y SUS ANEXOS;CURA
D50.0;ANEMIA POR DEFICIENCIA DE HIERRO SECUNDARIA A PERDIDA DE SANGRE (CRONICA);CURA
E05.0;TIROTOXICOSIS, CON BOCIO DIFUSO;CURA
E50.0;DEFICIENCIA DE VITAMINA A CON XEROSIS CONJUNTIVAL;CURA
E50.1;DEFICIENCIA DE VITAMINA A CON MANCHA DE BITOT Y XEROSIS CONJUNTIVAL;CURA
E50.4;DEFICIENCIA DE VITAMINA A CON QUERATOMALACIA;CURA
E50.5;DEFICIENCIA DE VITAMINA A CEGUERA NOCTURNA;CURA
E50.7;OTRAS MANIFESTACIONES OCULARES POR DEFICIENCIA DE VITAMINA A;CURA
E50.8;OTRAS MANIFESTACIONES DE DEFICIENCIA DE VITAMINA A;CURA
E50.9;DEFICIENCIA DE VITAMINA A, NO ESPECIFICADA;CURA
E66.0;OBESIDAD DEBIDA A EXCESO DE CALORIAS;CURA
E78.5;HIPERLIPIDEMIA NO ESPECIFICADA (DISLIPIDEMIA);CURA
F43.2;TRASTORNO DE ADAPTACION;CURA
G44.2;CEFALEA DEBIDA A TENSION;CURA
G44.8;OTROS SINDROMES DE CEFALEA ESPECIFICADOS;CURA
G50.1;DOLOR FACIAL ATIPICO;CURA
G51.0;PARALISIS FACIAL [ DE BELL];CURA
G51.4;MIOQUIMIA FACIAL;CURA
G52.9;TRASTORNO DE NERVIO CRANEAL, NO ESPECIFICADO;CURA
H57.1;DOLOR OCULAR;CURA
H57.8;OTROS TRASTORNOS ESPECIFICADOS DEL OJO Y SUS ANEXOS;CURA
H59.1;HEMORRAGIA Y HEMATOMA INTRAOPERATORIOS DE OJO Y SUS ANEXOS, QUE COMPLICA UN PROCEDIMIENTO;CURA
H59.2;PUNCION Y DESGARRO ACCIDENTAL DE OJO Y SUS ANEXOS DURANTE UN PROCEDIMIENTO;CURA
H59.3;HEMORRAGIA, HEMATOMA Y SEROMA POSPROCEDIMIENTO DE OJO Y SUS ANEXOS DESPUES DE UN PROCEDIMIENTO;CURA
H59.4;INFLAMACION (INFECCION) DE AMPOLLA POSPROCEDIMIENTO;CURA
H59.8;OTROS TRASTORNOS DEL OJO Y SUS ANEXOS, CONSECUTIVOS A PROCEDIMIENTOS;CURA
H59.9;TRASTORNO NO ESPECIFICADO DEL OJO Y SUS ANEXOS, CONSECUTIVO A PROCEDIMIENTOS.;CURA
L03.8;CELULITIS DE OTROS SITIOS;CURA
L03.9;CELULITIS DE SITIO NO ESPECIFICADO;CURA
L12.2;ENFERMEDAD FLICTENULAR CRONICA DE LA INFANCIA;CURA
P15.3;TRAUMATISMO OCULAR DURANTE EL NACIMIENTO;CURA
R55.0;DESMAYO;CURA
R55.1;PERDIDA DE CONOCIMIENTO;CURA
R60.9;EDEMA, NO ESPECIFICADO;CURA
T15.1;CUERPO EXTRAÑO EN EL SACO CONJUNTIVAL;CURA
T15.8;CUERPO EXTRAÑO EN OTRAS Y MULTIPLES PARTES DE LA PARTE EXTERNA DEL OJO;CURA
T15.9;CUERPO EXTRAÑO EN PARTE EXTERNA DEL OJO, SITIO NO ESPECIFICADO;CURA
T26.2;QUEMADURA CON RUPTURA Y DESTRUCCION RESULTANTES DEL GLOBO OCULAR;CURA
T26.3;QUEMADURA DE OTRAS PARTES DEL OJO Y SUS ANEXOS;CURA
T26.4;QUEMADURA DEL OJO Y ANEXOS, PARTE NO ESPECIFICADA;CURA
T26.7;CORROSION CON RUPTURA Y DESTRUCCION RESULTANTES DEL GLOBO OCULAR;CURA
T26.8;CORROSION DE OTRAS PARTES DEL OJO Y SUS ANEXOS;CURA
T26.9;CORROSION DEL OJO Y SUS ANEXOS, PARTE NO ESPECIFICADA;CURA
T85.2;COMPLICACION MECANICA DE LENTES INTRAOCULARES;CURA
T85.3;COMPLICACION MECANICA DE OTROS DISPOSITIVOS PROTESICOS, IMPLANTES E INJERTOS OCULARES;CURA
T85.7;INFECCION Y REACCION INFLAMATORIA DEBIDO A OTROS DISPOSITIVOS PROTESICOS, IMPLANTES E INJERTOS INTERNOS DEL GLOBO OCULAR;CURA
T85.8;OTRAS COMPLICACIONES DE DISPOSITIVOS PROTESICOS, IMPLANTES E INJERTOS INTERNOS, NO CLASIFICADAS EN OTRA PARTE;CURA
B24;ENFERMEDAD POR VIRUS DE LA INMUNODEFICIENCIA HUMANA [VIH] SIN ESPECIFI;CURA
Z01.01;OJO EMETROPE;CURA
Q78;OTRAS OSTEOCONDRODISPLASIAS;CURA
H44.51;PHTHISIS BULBI;CURA
Z96;PRESENCIA DE OTROS IMPLANTES FUNCIONALES;CURA
M06;OTRAS ARTRITIS REUMATOIDES;CURA
S02.1;FRACTURA DE LA BASE DEL CRANEO;CURA
S02.3;FRACTURA DEL SUELO DE LA ORBITA;CURA
S02.8;FRACTURA DE OTROS HUESOS DEL CRANEO Y DE LA CARA;CURA
S05.1;CONTUSION DEL GLOBO OCULAR Y DEL TEJIDO ORBITARIO;CURA
S05.2;LACERACION Y RUPTURA OCULAR CON PROLAPSO O PERDIDA DEL TEJIDO INTRAOCULAR;CURA
S05.3;LACERACION OCULAR SIN PROLAPSO O PERDIDA DEL TEJIDO INTRAOCULAR;CURA
S05.4;HERIDA PENETRANTE DE LA ORBITA CON O SIN CUERPO EXTRAÑO;CURA
S05.5;HERIDA PENETRANTE DEL GLOBO OCULAR CON CUERPO EXTRAÑO;CURA
S05.6;HERIDA PENETRANTE DEL GLOBO OCULAR SIN CUERPO EXTRAÑO;CURA
S05.8;OTROS TRAUMATISMOS DEL OJO Y DE LA ORBITA;CURA
S05.9;TRAUMATISMO DEL OJO Y DE LA ORBITA, NO ESPECIFICADO;CURA
S09.9;TRAUMATISMO DE LA CABEZA, NO ESPECIFICADO;CURA
T00.0;TRAUMATISMOS SUPERFICIALES QUE AFECTAN LA CABEZA CON EL CUELLO;CURA
T14.9;TRAUMATISMO, NO ESPECIFICADO;CURA
Q15.0;GLAUCOMA CONGENITO;CRONICO
H42.0;GLAUCOMA EN ENFERMEDADES ENDOCRINAS, NUTRICIONALES Y  METABOLICAS, CLASIFICADAS EN OTRA PARTE;CRONICO
H42.8;GLAUCOMA EN OTRAS ENFERMEDADES CLASIFICADAS EN OTRA PARTE (*);CRONICO
H40.1;GLAUCOMA PRIMARIO DE ANGULO ABIERTO;CRONICO
H40.2;GLAUCOMA PRIMARIO DE ANGULO CERRADO;CRONICO
H40.6;GLAUCOMA SECUNDARIO A DROGAS;CRONICO
H40.4;GLAUCOMA SECUNDARIO A INFLAMACION OCULAR;CRONICO
H40.5;GLAUCOMA SECUNDARIO A OTROS TRASTORNOS DEL OJO;CRONICO
H40.3;GLAUCOMA SECUNDARIO A TRAUMA OCULAR;CRONICO
H40.9;GLAUCOMA, NO ESPECIFICADO;CRONICO
H40.8;OTROS GLAUCOMAS;CRONICO
H40;GLAUCOMA;CRONICO
H40.14;GLAUCOMA CAPSULAR CON PSEUDOEXFOLIACION DE CRISTALINO;CRONICO
H40.10;GLAUCOMA DE ANGULO ABIERTO NO ESPECIFICADO;CRONICO
H40.05;HIPERTENSION OCULAR(GLAUCOMA);CRONICO
H40.0;SOSPECHA DE GLAUCOMA;CUIDA
H40.03;ANGULO ESTRECHO ANATOMICO (SOSPECHA DE CIERRE ANGULAR PRIMARIO)(GLAUCOMA);CUIDA
H42.0;GLAUCOMA EN ENFERMEDADES ENDOCRINAS, NUTRICIONALES Y  METABOLICAS, CLA;CURA
H40.03;ANGULO ESTRECHO ANATOMICO (SOSPECHA DE CIERRE ANGULAR PRIMARIO)(GLAUCO;CURA
H53.4;DEFECTOS DEL CAMPO VISUAL;CURA
R51.X;CEFALEA;CURA
E22.0;ACROMEGALIA Y GIGANTISMO HIPOFISARIO;CRONICO
Q00.0;ANENCEFALIA;CRONICO
Q04.1;ARRINENCEFALIA;CRONICO
Q04.4;DISPLASIA OPTICOSEPTRAL;CRONICO
Q01.8;ENCEFALOCELE DE OTROS SITIOS;CRONICO
Q01.0;ENCEFALOCELE FRONTAL;CRONICO
Q01.1;ENCEFALOCELE NASOFRONTAL;CRONICO
Q01.2;ENCEFALOCELE OCCIPITAL;CRONICO
Q01.9;ENCEFALOCELE, NO ESPECIFICADO;CRONICO
G12.2;ENFERMEDADES DE LAS NEURONAS MOTORAS;CRONICO
G40.0;EPILEPSIA Y SINDROMES EPILEPTICOS IDIOPATICOS RELACIONADOS CON LOCALIZACIONES (FOCALES) (PARCIALES) Y CON ATAQUES DE INICIO LOCALIZADO;CRONICO
Q85.1;ESCLEROSIS TUBEROSA;CRONICO
Q05.0;ESPINA BIFIDA CERVICAL CON HIDROCEFALO;CRONICO
Q05.4;ESPINA BIFIDA CERVICAL CON HODROCEFALO, SIN OTRA ESPECIFICACION;CRONICO
Q03.9;HIDROCEFALO CONGENITO, NO ESPECIFICADO;CRONICO
Q02.0;HIDROMICROCEFALIA;CRONICO
Q04.2;HOLOPROSENCEFALIA;CRONICO
Q04.9;MALFORMACION CONGENITA DEL ENCEFALO, NO ESPECIFICADA;CRONICO
Q04.0;MALFORMACIONES CONGENITAS DEL CUERPO CALLOSO;CRONICO
Q03.0;MALFORMACIONES DEL ACUEDUCTO DE SILVIO;CRONICO
Q04.5;MEGALENCEFALIA;CRONICO
G70.0;MIASTENIA GRAVIS;CRONICO
Q02.1;MICROENCEFALO;CRONICO
G43.1;MIGRAÑA CON AURA [MIGRAÑA CLASICA];CRONICO
G43.0;MIGRAÑA SIN AURA [MIGRAÑA COMUN];CRONICO
G50.0;NEURALGIA DEL TRIGEMINO;CRONICO
H49.3;OFTALMOPLEJIA (EXTERNA) TOTAL;CRONICO
H49.4;OFTALMOPLEJIA EXTERNA PROGRESIVA;CRONICO
G23.1;OFTALMOPLEJIA SUPRANUCLEAR PROGRESIVA [STEELE-RICHARDSON-OLSZEWSKI];CRONICO
Q04.3;OTRAS ANOMALIAS HIPOPLASICAS DEL ENCEFALO;CRONICO
Q04.8;OTRAS MALFORMACIONES CONGENITAS DEL ENCEFALO, ESPECIFICADAS;CRONICO
Q07.8;OTRAS MALFORMACIONES CONGENITAS DEL SISTEMA NERVIOSO, ESPECIFICADAS;CRONICO
G59.8;OTRAS MONONEUROPATIAS EN ENFERMEDADES CLASIFICADAS EN OTRA PARTE (*);CRONICO
Q03.8;OTROS HIDROCEFALOS CONGENITOS;CRONICO
H47.1;PAPILEDEMA, NO ESPECIFICADO;CRONICO
Q04.6;QUISTES CEREBRALES CONGENITOS;CRONICO
E00.0;SINDROME CONGENITO DE DEFICIENCIA DE YODO, TIPO NEUROLOGICO;CRONICO
Q07.0;SINDROME DE ARNOLD-CHIARI;CRONICO
G90.2;SINDROME DE HORNER;CRONICO
H47.2;ATROFIA OPTICA;CRONICO
H48.0;ATROFIA OPTICA EN ENFERMEDADES CLASIFICADAS EN OTRA PARTE (*);CRONICO
H53.52;DEFICIENCIA ADQUIRIDA DE LA VISION CROMATICA;CRONICO
H53.5;DEFICIENCIA DE LA VISION CROMATICA (DALTONISMO);CRONICO
H53.7;DEFICIENCIAS DE SENSIBILIDAD VISUAL (DESLUMBRAMIENTO, AL CONTRASTE);CRONICO
G53.0;NEURALGIA POSTHERPES ZOSTER;CRONICO
H46.X;NEURITIS OPTICA;CRONICO
H48.1;NEURITIS RETROBULBAR EN ENFERMEDADES CLASIFICADAS EN OTRA PARTE;CRONICO
Q85.0;NEUROFIBROMATOSIS (NO MALIGNA);CRONICO
G36.0;NEUROMIELITIS OPTICA [DEVIC];CRONICO
G90.0;NEUROPATIA AUTONOMA PERIFERICA IDIOPATICA;CRONICO
H46.0;NEUROPATIA OPTICA ANTERIOR CON EDEMA DE PAPILA;CRONICO
H46.1;NEUROPATIA OPTICA ANTERIOR SIN EDEMA DE PAPILA;CRONICO
H46.3;NEUROPATIA OPTICA INFILTRATIVA;CRONICO
H46.4;NEUROPATIA OPTICA TOXICA/NUTRICIONAL;CRONICO
H46.5;NEUROPATIA OPTICA TRAUMATICA;CRONICO
H46.2;NEUROPATIAS OPTICAS POSTERIORES;CRONICO
A50.4;NEUROSIFILIS CONGENITA TARDIA [NEUROSIFILIS JUVENIL];CRONICO
H47.7;TRASTORNO DE LA VIA OPTICA, NO ESPECIFICADO;CRONICO
H47.4;TRASTORNO DEL QUIASMA OPTICO;CRONICO
H47.0;TRASTORNOS DEL NERVIO OPTICO, NO CLASIFICADOS EN OTRA PARTE;CRONICO
F02.4;DEMENCIA EN LA ENFERMEDAD POR VIRUS DE LA INMUNODEFICIENCIA HUMANA [VI;CURA
J01.9;SINUSITIS AGUDA NO ESPECIFICADA;CURA
J02.0;FARINGITIS ESTREPTOCOCICA;CURA
J34.1;QUISTE Y MUCOCELE DE SENO PARANASAL;CURA
K11.8;OTRAS ENFERMEDADES DE LAS GLANDULAS SALIVALES;CURA
L02.0;ABCESO CUTANEO, FURUNCULO Y CARBUNCO DE LA CARA;CURA
L03.2;CELULITIS DE LA CARA;CURA
H10.0;CONJUNTIVITIS MUCOPURULENTA;CURA
H10.1;CONJUNTIVITIS ATOPICA AGUDA;CURA
H10.2;OTRAS CONJUNTIVITIS AGUDAS;CURA
H10.3;CONJUNTIVITIS AGUDA, NO ESPECIFICADA;CURA
H10.4;CONJUNTIVITIS CRONICA;CURA
H10.8;OTRAS CONJUNTIVITIS;CURA
H10.9;CONJUNTIVITIS, NO ESPECIFICADA;CURA
H11.0;PTERIGION;CURA
H13.0;INFECCION FILARICA DE LA CONJUNTIVA (B74.- );CURA
H13.1;CONJUNTIVITIS EN ENFERMEDADES INFECCIOSAS Y PARASITARIAS CLASIFICADAS EN OTRA PARTE;CURA
H13.2;CONJUNTIVITIS EN OTRAS ENFERMEDADES CLASIFICADAS EN OTRA PARTE;CURA
H10.80;CONJUNTIVITIS ALERGICA;CURA
L66.2;FOLICULITIS DECALVANTE;CURA
L70.8;OTROS ACNES;CURA
L98.0;GRANULOMA PIOGENO;CURA
Z90.0;AUSENCIA ADQUIRIDA DE OJOS;CRONICO
Q10.4;AUSENCIA Y AGENESIA DEL APARATO LAGRIMAL;CRONICO
S05.7;AVULSION DEL OJO;CRONICO
Q75.4;DISOSTOSIS MAXILOFACIAL;CRONICO
Q10.1;ECTROPION CONGENITO;CRONICO
Q10.2;ENTROPION CONGENITO;CRONICO
H04.5;ESTENOSIS E INSUFICIENCIA DE LAS VIAS LAGRIMALES;CRONICO
Q10.5;ESTENOSIS Y ESTRECHEZ CONGENITAS DEL CONDUCTO LAGRIMAL;CRONICO
H04.4;INFLAMACION CRONICA DE LA VIAS LAGRIMALES;CRONICO
Q10.7;MALFORMACION CONGENITA DE LA ORBITA;CRONICO
Q75.9;MALFORMACION CONGENITA NO ESPECIFICADA DE LOS HUESOS DEL CRANEO Y DE LA CARA;CRONICO
Q67.4;OTRAS MALFORMACIONES CONGENITAS DEL CRANEO, DE LA CARA Y DE MANDIBULA;CRONICO
Q75.8;OTRAS MALFORMACIONES CONGENITAS ESPECIFICADAS DE LOS HUESOS DEL CRANEO Y DE LA CARA;CRONICO
Q67.3;PLAGIOCEFALIA;CRONICO
Q87.0;SINDROMES DE MALFORMACIONES CONGENITAS QUE AFECTAN PRINCIPALMENTE LA APARIENCIA FACIAL;CRONICO
H05.1;TRASTORNOS INFLAMATORIOS CRONICOS DE LA ORBITA;CRONICO
H00.1;CALACIO [CHALAZION];CURA
H02.0;ENTROPION Y TRIQUIASIS PALPEBRAL;CURA
H02.2;LAGOFTALMOS;CURA
H04.0;DACRIOADENITIS;CURA
H04.1;OTROS TRASTORNOS DE LA GLANDULA LAGRIMAL;CURA
H04.2;EPIFORA;CURA
H04.3;INFLAMACION AGUDA Y LA NO ESPECIFICADA DE LAS VIAS LAGRIMALES;CURA
H04.6;OTROS CAMBIOS DE LAS VIAS LAGRIMALES;CURA
H04.8;OTROS TRASTORNOS ESPECIFICADOS DEL APARATO LAGRIMAL;CURA
H04.9;TRASTORNO DEL APARATO LAGRIMAL, NO ESPECIFICADO;CURA
H05.2;AFECCIONES EXOFTALMICAS;CURA
H05.4;ENOFTALMIA;CURA
H05.8;OTROS TRASTORNOS DE LA ORBITA;CURA
H05.9;TRASTORNOS DE LA ORBITA, NO ESPECIFICADOS;CURA
H06.0;TRASTORNOS DEL APARATO LAGRIMAL, EN ENFERMEDADES CLASIFICADAS EN OTRA PARTE;CURA
H06.1;INFECCION E INFESTACION PARASITARIA DE LA ORBITA EN ENFERMEDADES CLASIFICADAS EN OTRA PARTE;CURA
H06.3;OTROS TRASTORNOS DE LA ORBITA EN ENFERMEDADES CLASIFICADAS EN OTRA PARTE;CURA
H00;ORZUELO Y CHALAZION;CURA
H01.01;BLEFARITIS CRONICA;CUIDA
H00.02;MEIBOMITIS;CUIDA
H00;ORZUELO Y CHALAZION;CURA
H04;TRASTORNOS DEL APARATO LAGRIMAL;CURA
H10;CONJUNTIVITIS;CURA
H13.8;OTROS TRASTORNOS DE LA CONJUNTIVA EN ENFERMEDADES CLASIFICADAS EN OTRA;CURA
Q10.0;BLEFAROPTOSIS CONGENITA;CRONICO
G24.5;BLEFAROSPASMO;CRONICO
D04.1;CARCINOMA IN SITU DE LA PIEL DEL PARPADO Y COMISURA PALPEBRAL;CRONICO
D09.2;CARCINOMA IN SITU DEL OJO;CRONICO
H01.1;DERMATOSIS NO INFECCIOSA DEL PARPADO;CRONICO
D03.1;MELANOMA IN SITU DEL PARPADO Y DE LA COMISURA PALPEBRAL;CRONICO
C43.1;MELANOMA MALIGNO DEL PARPADO, INCLUIDA LA COMISURA PALPEBRAL;CRONICO
Q10.3;OTRAS MALFORMACIONES CONGENITAS DE LOS PARPADOS;CRONICO
Q10.6;OTRAS MALFORMACIONES CONGENITAS DEL APARATO LACRIMAL;CRONICO
H02.7;OTROS TRASTORNOS DEGENERATIVOS DEL PARPADO Y DEL AREA PERIOCULAR;CRONICO
C44.1;TUMOR MALIGNO DE LA PIEL DEL PARPADO, INCLUIDA LA COMISURA PALPEBRAL;CRONICO
C69.4;TUMOR MALIGNO DEL CUERPO CILIAR;CRONICO
C72.3;TUMOR MALIGNO DEL NERVIO OPTICO;CRONICO
C69.9;TUMOR MALIGNO DEL OJO, PARTE NO ESPECIFICADA;CRONICO
C49.9;TUMOR MALIGNO DEL TEJIDO CONJUNTIVO Y TEJIDO BLANDO DE SITIO NO ESPECIFICADO;CRONICO
C49.0;TUMOR MALIGNO DEL TEJIDO CONJUNTIVODEL PARPADO;CRONICO
H02.6;XANTELASMA DEL PARPADO;CRONICO
D21.0;TUMOR BENIGNO DEL TEJIDO CONJUNTIVODEL PARPADO;CUIDA
D22.1;NEVO MELANOCITICO DEL PARPADO, INCLUIDA LA COMISURAPALPEBRAL;CUIDA
D23.1;TUMOR BENIGNO DE LA PIEL DEL PARPADO, INCLUIDA LA COMISURA PALPEBRAL;CUIDA
S00.1;CONTUSION DE LOS PARPADOS YDE LA REGION PERI OCULAR;CUIDA
S00.2;OTROS TRAUMATISMOS SUPERFICIALES DEL PARPADO Y DE LA REGION PERIOCULAR;CUIDA
D48.1;TUMOR DE COMPORTAMIENTO INCIERTO O DESCONOCIDO DEL TEJIDO CONJUNTIVO DEL PARPADO;CURA
H00.0;ORZUELO Y OTRAS INFLAMACIONES PROFUNDAS DEL PARPADO;CURA
H01.0;BLEFARITIS;CURA
H01.8;OTRAS INFLAMACIONES ESPECIFICAS DEL PARPADO;CURA
H01.9;INFLAMACION DEL PARPADO, NO ESPECIFICADA;CURA
H02.1;ECTROPION DEL PARPADO;CURA
H02.3;BLEFAROCALASIA;CURA
H02.4;BLEFAROPTOSIS;CURA
H02.5;OTROS TRASTORNOS FUNCIONALES DEL PARPADO;CURA
H02.8;OTROS TRASTORNOS ESPECIFICADOS DEL PARPADO;CURA
H02.9;TRASTORNO DEL PARPADO, NO ESPECIFICADO;CURA
H03.0;INFECCION E INFESTACION PARASITARIA DEL PARPADO EN ENFERMEDADES CLASIFICADAS EN OTRA PARTE;CURA
H03.1;COMPROMISO DEL PARPADO EN ENFERMEDADES INFECCIOSAS CLASIFICADAS EN OTRA PARTE;CURA
H03.8;COMPROMISO DEL PARPADO EN ENFERMEDADES CLASIFICADAS EN OTRA PARTE (*);CURA
H10.5;BLEFAROCONJUNTIVITIS;CURA
L01.0;IMPETIGO EN PARPADO;CURA
S01.1;HERIDA DEL PARPADO Y DE LA REGION PERI OCULAR;CURA
T26.0;QUEMADURA DEL PARPADO Y AREA PERIOCULAR;CURA
T26.5;CORROSION DEL PARPADO Y AREA PERIOCULAR;CURA
H11.04;PTERIGION OCULAR NASAL Y TEMPORAL;CURA
H04.56;OBSTRUCCION DE VIAS LAGRIMALES(VIA LAGRIMAL);CURA
H53.2;DIPLOPIA;CURA
H53.3;OTROS TRASTORNOS DE VISION BINOCULAR Y LOS NO ESPECIFICADOS;CURA
H55.0;NISTAGMO;CRONICO
H55.X;NISTAGMO Y OTROS MOVIMIENTOS OCULARES IRREGULARES;CRONICO
H49.8;OTROS TIPOS DE ESTRABISMOS PARALITICO;CURA
H49.9;ESTRABISMO PARALITICO, NO ESPECIFICADO;CURA
H50.0;ESTRABISMO CONCOMITANTE CONVERGENTE;CURA
H50.1;ESTRABISMO CONCOMITANTE DIVERGENTE;CURA
H50.2;ESTRABISMO VERTICAL;CURA
H50.3;HETEROTROPIA INTERMITENTE(ESTRABISMO);CURA
H50.4;OTRAS HETEROTROPIAS O LAS NO ESPECIFICADAS (ESTRABISMO);CURA
H50.5;HETEROFORIA (FORIAS)(ESTRABISMO);CURA
H50.6;ESTRABISMO MECANICO;CURA
H50.8;OTROS ESTRABISMOS ESPECIFICADOS;CURA
H50.9;ESTRABISMO, NO ESPECIFICADO;CURA
H51.0;PARALISIS (ESPASMO) DE MIRADA CONJUGADA(ESTRABISMO);CURA
H51.1;INSUFICIENCIA Y EXCESO DE CONVERGENCIA OCULAR(ESTRABISMO);CURA
H51.2;OFTALMOPLEJIA INTERNUCLEAR(ESTRABISMO);CURA
H51.8;OTROS TRASTORNOS ESPECIFICADOS DEL MOVIMIENTO BINOCULAR(ESTRABISMO);CURA
H51.9;TRASTORNO DEL MOVIMIENTO BINOCULAR, NO ESPECIFICADO(ESTRABISMO);CURA
Z76.2;CONSULTA PARA ATENCION Y SUPERVISION DE LA SALUD DE OTROS NIÑOS O LACT;CUIDA
Q77.0;ACONDROGENESIS;CRONICO
Q77.4;ACONDROPLASIA;CRONICO
Q12.3;AFAQUIA CONGENITA;CRONICO
H53.0;AMBLIOPIA EX ANOPSIA;CRONICO
P39.1;CONJUNTIVITIS Y DACRIOCISTITIS NEONATALES;CURA
H31.0;CICATRICESCORIORRETINIANAS;CRONICO
H05.3;DEFORMIDAD DE LA ORBITA;CRONICO
H35.3;DEGENERACION DE LA MACULA Y DEL POLO POSTERIOR DEL OJO;CRONICO
H35.4;DEGENERACION PERIFERICA DE LA RETINA;CRONICO
E12.3;DIABETES MELLITUS ASOCIADA CON DESNUTRICION, CON COMPLICACIONES OFTALMICAS;CRONICO
E10.4;DIABETES MELLITUS INSULINODEPENDIENTE CON COMPLICACIONES NEUROLOGICAS;CRONICO
E10.0;DIABETES MELLITUS INSULINODEPENDIENTE, CON COMA;CRONICO
E10.3;DIABETES MELLITUS INSULINODEPENDIENTE, CON COMPLICACIONES OFTALMICAS;CRONICO
E14.X;DIABETES MELLITUS NO ESPECIFICADA;CRONICO
E11.4;DIABETES MELLITUS NO INSULINODEPENDIENTE CON COMPLICACIONES NEUROLOGICAS;CRONICO
E11.3;DIABETES MELLITUS NO INSULINODEPENDIENTE, CON COMPLICACIONES OFTALMICAS;CRONICO
E14.3;DIABETES MELLITUS, NO ESPECIFICADA, CON COMPLICACIONES OFTALMICAS;CRONICO
H35.5;DISTROFIA HEREDITARIA DE LA RETINA;CRONICO
Q11.0;GLOBO OCULAR QUISTICO;CRONICO
Q14.1;MALFORMACION CONGENITA DE LA RETINA;CRONICO
Q14.0;MALFORMACION CONGENITA DEL HUMOR VITREO;CRONICO
H34.0;OCLUSION ARTERIAL TRANSITORIA DE LA RETINA;CRONICO
H34.1;OCLUSION DE LA ARTERIA CENTRAL DE LA RETINA;CRONICO
H34.9;OCLUSION VASCULAR RETINIANA, SIN OTRA ESPECIFICACION;CRONICO
H34.2;OTRAS FORMAS DE OCLUSION DE LA ARTERIA DE LARETINA;CRONICO
Q14.8;OTRAS MALFORMACIONES CONGENITAS DEL SEGMENTO POSTERIOR DEL OJO;CRONICO
H34.8;OTRAS OCLUSIONES VASCULARES RETINIANAS;CRONICO
H35.2;OTRAS RETINOPATIAS PROLIFERATIVAS, NO DIABETICA;CRONICO
H35.1;RETINOPATIA DE LA PREMATURIDAD;CRONICO
H36.0;RETINOPATIA DIABETICA (E10-E14+ CON CUARTO CARACTER COMUN .3) (*);CRONICO
H35.0;RETINOPATIAS DEL FONDO Y CAMBIOS VASCULARES RETINIANOS;CRONICO
H33.1;RETINOSQUISIS Y QUISTES RETINALES;CRONICO
T90.4;SECUELA DE TRAUMATISMO DEL OJO Y DE LA ORBITA;CRONICO
C69.2;TUMOR MALIGNO DE LA RETINA;CRONICO
H35.30;DEGENERACION DE LA MACULA RELACIONADA CON LA EDAD (DMRE);CRONICO
D31.2;TUMOR BENIGNO DE LA RETINA;CUIDA
H05.5;RETENCION DE CUERPO EXTRAÑO (ANTIGUO), CONSECUTIVA A HERIDA PENETRANTE DE LA ORBITA;CUIDA
H35.7;SEPARACION DE LAS CAPAS DE LA RETINA;CUIDA
H35.8;OTROS TRASTORNOS ESPECIFICADOS DE LA RETINA;CUIDA
H35.9;TRASTORNO DE LA RETINA, NO ESPECIFICADO;CUIDA
H36.8;OTROS TRASTORNOS DE LA RETINA EN ENFERMEDADES CLASIFICADOS EN OTRA PARTE;CUIDA
H31.4;DESPRENDIMIENTO DE LA COROIDES;CURA
H33.0;DESPRENDIMIENTO DE LA RETINA CON RUPTURA;CURA
H33.2;DESPRENDIMIENTO SEROSO DE LA RETINA;CURA
H33.3;DESGARRO DE LA RETINA SIN DESPRENDIMIENTO;CURA
H33.4;DESPRENDIMIENTO DE LA RETINA POR TRACCION;CURA
H33.5;OTROS DESPRENDIMIENTOS DE LA RETINA;CURA
H35.05;ENFERMEDAD DE EALES;CURA
H36.8;OTROS TRASTORNOS DE LA RETINA EN ENFERMEDADES CLASIFICADOS EN OTRA PAR;CURA
H33;DESPRENDIMIENTO Y DESGARRO DE LA RETINA;CURA
R03.0;LECTURA ELEVADA DE LA PRESION SANGUINEA, SIN DIAGNOSTICO DE HIPERTENSI;CUIDA
H35;OTROS TRASTORNOS DE LA RETINA;CURA
I11.9;ENFERMEDAD CARDIACA HIPERTENSIVA SIN INSUFICIENCIA CARDIACA CONGESTIVA;CUIDA
E11.3;DIABETES MELLITUS NO INSULINODEPENDIENTE, CON COMPLICACIONES OFTALMICA;CURA
H44.5;AFECCIONES DEGENERATIVAS DEL GLOBO OCULAR;CRONICO
G45.3;AMAUROSIS FUGAZ;CRONICO
H31.2;DISTROFIA COROIDEA HEREDITARIA;CRONICO
H32.0;INFLAMACION CORIORRETINIANA EN ENFERMEDADES INFECCIOSAS Y PARASITARIAS CLASIFICADAS EN OTRA PARTE;CRONICO
Q14.2;MALFORMACION CONGENITA DEL DISCO OPTICO;CRONICO
Q14.9;MALFORMACION CONGENITA DEL SEGMENTO POSTERIOR DEL OJO, NO ESPECIFICADA.;CRONICO
3;MENBRANA NEOVASCULAR;CRONICO
H35.050;PERIVASCULITIS RETINIANA;CRONICO
H35.05;VASCULITIS RETINIANA;CRONICO
H35.051;VASCULITIS RETINIANA POST LUPUS ERITEMATOSO SISTEMICO;CRONICO
H31.3;HEMORRAGIA Y RUPTURA DE LA COROIDES;CURA
H35.6;HEMORRAGIA RETINIANA;CURA
H43.0;PROLAPSO DEL VITREO;CURA
H43.1;HEMORRAGIA DEL VITREO;CURA
H45.0;HEMORRAGIA DEL VITREO EN ENFERMEDADES CLASIFICADAS EN OTRA PARTE;CURA
H32.04;CORIORRETINITIS CITOMEGALOVIRUS (CMV);CURA
B58.00;CORIORRETINITIS DEBIDO A TOXOPLASMA;CURA
H30.82;COROIDITIS SERPIGINOSA;CURA
H35.82;ISQUEMIA RETINIANA;CURA
H31.80;NEOVASCULARIZACION DE LA COROIDES;CURA
M08.2;ARTRITIS JUVENIL DE COMIENZO GENERALIZADO;CRONICO
M05.3;ARTRITIS REUMATOIDE CON COMPROMISO DE OTROS ORGANOS O SISTEMAS;CRONICO
M08.0;ARTRITIS REUMATOIDE JUVENIL;CRONICO
M06.0;ARTRITIS REUMATOIDE SERONEGATIVA;CRONICO
M06.9;ARTRITIS REUMATOIDE, NO ESPECIFICADA;CRONICO
M05.9;ARTRITIS REUMATOIDEA SEROPOSITIVA, SIN OTRA ESPECIFICACION;CRONICO
H54.0;CEGUERA DE AMBOS OJOS;CRONICO
H54.4;CEGUERA DE UN OJO;CRONICO
H54.1;CEGUERA DE UN OJO, VISION SUBNORMAL DEL OTRO;CRONICO
H53.6;CEGUERA NOCTURNA;CRONICO
H30.2;CICLITIS POSTERIOR;CRONICO
B69.1;CISTICERCOSIS DEL OJO;CRONICO
Q12.2;COLOBOMA DEL CRISTALINO;CRONICO
Q13.0;COLOBOMA DEL IRIS;CRONICO
Q77.3;CONDRODISPLASIA PUNCTATA;CRONICO
H30.0;CORIORRETINITIS FOCAL;CRONICO
H30.9;CORIORRETINITIS, NO ESPECIFICADA;CRONICO
H30.1;CORIORRETINITISDISEMINADA (MULTIFOCAL);CRONICO
F02.4;DEMENCIA EN LA ENFERMEDAD POR VIRUS DE LA INMUNODEFICIENCIA HUMANA [VIH] (B22.0+) (*);CRONICO
H15.1;EPISCLERITIS;CRONICO
H15.0;ESCLERITIS;CRONICO
Q13.5;ESCLEROTICA AZUL;CRONICO
M31.3;GRANULOMATOSIS DE WEGENER;CRONICO
B02.3;HERPES ZOSTER OCULAR;CRONICO
P37.1;HIDROCEFALO POR TOXOPLASMOSIS CONGENITA;CRONICO
H20.0;IRIDOCICLITIS AGUDA Y SUBAGUDA;CRONICO
H20.1;IRIDOCICLITIS CRONICA;CRONICO
H22.0;IRIDOCICLITIS EN ENFERMEDADES INFECCIOSAS Y PARASITARIAS CLASIFICADAS EN OTRA PARTE (*);CRONICO
H22.1;IRIDOCICLITIS EN OTRAS ENFERMEDADES CLASIFICADAS EN OTRA PARTE;CRONICO
H20.2;IRIDOCICLITIS INDUCIDA POR TRASTORNOS DEL CRISTALINO;CRONICO
H20.9;IRIDOCICLITIS, NO ESPECIFICADA;CRONICO
B83.0;LARVA MIGRANS VISCERAL U OCULAR (TOXOCARIASIS);CRONICO
M99.9;LESION BIOMECANICA, NO ESPECIFICADA;CRONICO
A66.1;LESIONES PAPILOMATOSAS MULTIPLES Y FRAMBESIA CON PASO DE CANGREJO;CRONICO
B58.0;OCULOPATIA DEBIDA A TOXOPLASMA (+);CRONICO
B00.5;OCULOPATIA HERPETICA;CRONICO
A50.0;OCULOPATIA SIFILITICA CONGENITA PRECOZ, SINTOMATICA;CRONICO
A50.3;OCULOPATIA SIFILITICA CONGENITA TARDIA;CRONICO
H30.8;OTRAS CORIORRETINITIS;CRONICO
H44.1;OTRAS ENDOFTALMITIS;CRONICO
H20.8;OTRAS IRIDOCICLITIS ESPECIFICADAS;CRONICO
Q13.2;OTRAS MALFORMACIONES CONGENITAS DEL IRIS;CRONICO
H35.052;OTRAS VASCULITIS RETINIANA;CRONICO
H32.8;OTROS TRASTORNOS CORIORRETINIANOS EN ENFERMEDADES CLASIFICADOS EN OTRA PARTE;CRONICO
H44.3;OTROS TRASTORNOS DEGENERATIVOS DEL GLOBO OCULAR;CRONICO
E75.5;OTROS TRASTORNOS DEL ALMACENAMIENTO DE LIPIDOS;CRONICO
H47.3;OTROS TRASTORNOS DEL DISCO OPTICO;CRONICO
H22.8;OTROS TRASTORNOS DEL IRIS Y DEL CUERPO CILIAR EN ENFERMEDADES CLASIFICADAS EN OTRA PARTE;CRONICO
H48.8;OTROS TRASTORNOS DEL NERVIO OPTICO Y DE LAS VIAS OPTICAS EN ENFERMEDADES CLASIFICADAS EN OTRA PARTE;CRONICO
G50.8;OTROS TRASTORNOS DEL TRIGEMINO;CRONICO
H44.10;PANUVEITIS(ENDOFTALMITIS);CRONICO
D86.8;SARCOIDOSIS DE OTROS SITIOS ESPECIFICADOS O DE SITIOS COMBINADOS;CRONICO
B58.8;TOXOPLASMOSIS CON OTRO ORGANO AFECTADO;CRONICO
H32.1;TOXOPLASMOSIS OCULAR;CRONICO
B58.9;TOXOPLASMOSIS, NO ESPECIFICADA;CRONICO
H20.00;UVEITIS ANTERIOR AGUDA;CRONICO
H20.01;UVEITIS ANTERIOR CON HIPOPION;CRONICO
H20.04;UVEITIS ANTERIOR EN HERPES SIMPLES;CRONICO
H20.03;UVEITIS ANTERIOR EN HERPES ZOSTER;CRONICO
H20.02;UVEITIS ANTERIOR RECURRENTE O SUBAGUDA;CRONICO
H30.21;UVEITIS INTERMEDIA;CRONICO
H30.22;UVEITIS INTERMEDIA HTLV-1 [VIRUS LINFOTROPO HUMANO CELULAS T TIPO 1];CRONICO
H54.5;VISION SUB NORMAL DE UN OJO;CRONICO
H54.2;VISION SUBNORMAL DE AMBOS OJOS;CRONICO
H21.2;DEGENERACION DEL IRIS Y DEL CUERPO CILIAR;CUIDA
H21.3;QUISTE DEL IRIS, DEL CUERPO CILIAR Y DE LA CAMARA ANTERIOR;CUIDA
A74.0;CONJUNTIVITIS POR CHLAMYDIAS;CURA
B30.0;QUERATOCONJUNTIVITIS DEBIDO A ADENOVIRUS;CURA
B30.1;CONJUNTIVITIS DEBIDO A ADENOVIRUS;CURA
B30.2;FARINGOCONJUNTIVITIS VIRAL;CURA
B30.3;CONJUNTIVITIS EPIDEMICA AGUDA HEMORRAGICA DEBIDO A ENTEROVIRUS;CURA
B30.8;OTRAS CONJUNTIVITIS VIRALES;CURA
B30.9;CONJUNTIVITIS VIRAL, SIN OTRA ESPECIFICACION;CURA
H20.05;UVEITIS ANTERIOR TRAUMATICA;CURA
H31;OTROS TRASTORNOS DE LA COROIDES;CURA
H30.01;RETINITIS FOCAL;CURA
H36.82;RETINOPATIA PROLIFERATIVA EN ANEMIA FALCIFORME (D57.-);CURA
H35.07;RETINOPATIAS;CURA
B58;TOXOPLASMOSIS;CURA
B20.8;ENFERMEDAD POR VIH, RESULTANTE EN OTRAS ENFERMEDADES INFECCIOSAS O PAR;CURA
E70.3;ALBINISMO;CRONICO
M35.2;ENFERMEDAD DE BEHCET;CRONICO
M02.3;ENFERMEDAD DE REITER;CRONICO
H20;IRIDOCICLITIS;CRONICO
H20.81;CICLITIS HETEROCROMICA DE FUCHS;CURA
H30.80;ENFERMEDAD DE VOGT KOYANAGI HARADA (VKH);CURA
H15.01;ESCLERITIS ANTERIOR;CURA
H20;IRIDOCICLITIS;CUIDA
H22.10;IRIDOCICLITIS EN ESPONDILITIS ANQUILOSANTE (M45);CUIDA
